"","text","creation_time","isRetweet","retweet_count","favoite_count","user"
"1"," ShahRukhxKajol ShahRukh x Kajol
When the whole world stood up and clapped for my SRKajol<U+653C><U+3E64><U+613C><U+3E30><U+623C><U+3E64><U+653C><U+3E64><U+623C><U+3E38><U+613C><U+3E64>I couldnt be prouder<U+653C><U+3E64><U+613C><U+3E30><U+623C><U+3E64><U+653C><U+3E64><U+623C><U+3E38><U+393C><U+3E38>This is something I wil…",2016-10-23 23:04:27,TRUE,8,0,"nengnuraisah"
"2","ANGRY Salman ns BIGGEST FIGHTS with shahrukh khan  party Uncut Videos httpstcoUtTzjWTlJ",2016-10-23 22:45:07,FALSE,0,0,"kiranbeinghuman"
"3"," BohatHandsome Teacher ten chemical ke name batao

Me Oxygen carbon florin sumreen

nosheen rameen and yasmeen <U+653C><U+3E64><U+613C><U+3E30><U+623C><U+3E64><U+653C><U+3E64><U+623C><U+3E38><U+393C><U+3E62> <U+653C><U+3E64><U+613C><U+3E30><U+623C><U+3E64><U+653C><U+3E64><U+623C><U+3E38><U+383C><U+3E30>
Shahrukh",2016-10-23 22:44:11,TRUE,44,0,"orish_munir"
"4","ShivaayFanClub YouTube She didnt recognise Shahrukh Khan with his initials SRK but she is well aware of shahrukh… httpstcoJnbxBVF",2016-10-23 22:41:10,FALSE,0,0,"RajSpeaKING"
"5","Peririce with grilled chicken tikka and Nandos sauce <U+653C><U+3E64><U+613C><U+3E30><U+623C><U+3E64><U+653C><U+3E64><U+623C><U+3E38><U+623C><U+3E35>

Used red… httpstcoPjIsQAnExj",2016-10-23 22:38:00,FALSE,0,0,"shahrukh_masota"
"6"," ShahRukhxKajol ShahRukh x Kajol
When the whole world stood up and clapped for my SRKajol<U+653C><U+3E64><U+613C><U+3E30><U+623C><U+3E64><U+653C><U+3E64><U+623C><U+3E38><U+613C><U+3E64>I couldnt be prouder<U+653C><U+3E64><U+613C><U+3E30><U+623C><U+3E64><U+653C><U+3E64><U+623C><U+3E38><U+393C><U+3E38>This is something I wil…",2016-10-23 22:27:10,TRUE,8,0,"gulovesrkajol"
"7","DineshDSouza meetik haha Dinesh is the American Shahrukh Khan <U+653C><U+3E64><U+613C><U+3E30><U+623C><U+3E64><U+653C><U+3E64><U+623C><U+3E31><U+383C><U+3E63><U+653C><U+3E64><U+613C><U+3E30><U+623C><U+3E63><U+653C><U+3E64><U+623C><U+3E66><U+623C><U+3E64>",2016-10-23 22:26:42,FALSE,0,0,"monishd"
"8","ShahrukhSM 
Please dont piss me of<U+653C><U+3E64><U+613C><U+3E30><U+623C><U+3E64><U+653C><U+3E64><U+623C><U+3E38><U+393C><U+3E31>",2016-10-23 22:21:47,FALSE,0,0,"ShawtyyKhanyy"
"9"," SRKandKAJOLorg Delhi on a starry night  Dilwale team at Unplugged Courtyard Kajol Shahrukh httpstcoSIpMlaKG",2016-10-23 21:53:53,TRUE,19,0,"Rhianna2207"
"10"," SRKandKAJOLorg PRINT MEDIA Fave costar My husband and Shahrukh Khan Kajols excerpts from VogueBFFs in todays Telegraph http…",2016-10-23 21:25:58,TRUE,56,0,"IncredibleKajol"
"11"," breakfreeofbox iamsrk Ur sweet support of aliaa in DearZindagiTake makes us sing Love you Shahrukhji Enjoy my doll tribute ht…",2016-10-23 21:09:26,TRUE,7,0,"amitpsit"
"12","I liked a YouTube video httpstconFuiXOLa Shahrukh Khan and Kapil Sharma non stop comedy in award show best comedy mind",2016-10-23 20:56:19,FALSE,0,0,"HaiderPervaiz12"
"13","Watching Shahrukh sings for sushmita in MainHoonNa while she enters into college Entertaining <U+06A9><U+0686><U+06BE><U+0644><U+0645><U+062D><U+06D2><U+0632><U+0646><U+062F><U+06AF><U+06CC><U+0645><U+06CC><U+06BA>",2016-10-23 20:52:01,FALSE,0,0,"NazeerAhmedKak7"
"14"," ghaniakamal iamsrk whom u love the mosttttt we love you ltlt ",2016-10-23 20:49:49,TRUE,2,0,"shahrukh_nri"
"15","Lol Thank God Raj has settled for Five Crores and didnt ask for Shahrukh ka Bunglow SHUBHRATRI",2016-10-23 20:48:38,FALSE,0,0,"Rishimathur18"
"16","Rukiyeraki gcje Shahrukh is so cool <U+653C><U+3E64><U+613C><U+3E30><U+623C><U+3E64><U+653C><U+3E64><U+623C><U+3E38><U+383C><U+3E65> <U+653C><U+3E64><U+613C><U+3E30><U+623C><U+3E64><U+653C><U+3E64><U+623C><U+3E32><U+383C><U+3E62>",2016-10-23 20:38:14,FALSE,0,0,"alonso23_t"
"17","salmansagarpan just saw the trailer of the movie amir salman  shahrukh wow man it looks very nice amp especially u look so great ",2016-10-23 20:34:52,FALSE,0,1,"aishu_crossy"
"18"," ShahRukhxKajol ShahRukh x Kajol
When the whole world stood up and clapped for my SRKajol<U+653C><U+3E64><U+613C><U+3E30><U+623C><U+3E64><U+653C><U+3E64><U+623C><U+3E38><U+613C><U+3E64>I couldnt be prouder<U+653C><U+3E64><U+613C><U+3E30><U+623C><U+3E64><U+653C><U+3E64><U+623C><U+3E38><U+393C><U+3E38>This is something I wil…",2016-10-23 20:32:39,TRUE,8,0,"Elham_kads"
"19"," breakfreeofbox iamsrk Ur sweet support of aliaa in DearZindagiTake makes us sing Love you Shahrukhji Enjoy my doll tribute ht…",2016-10-23 20:30:03,TRUE,7,0,"iamfaisalsrk"
"20","Then RM fans call us lucky <ed><U+00A0><U+00BD><ed><U+00B8><U+0082><ed><U+00A0><U+00BD><ed><U+00B8><U+0082><ed><U+00A0><U+00BD><ed><U+00B8><U+0082>",2016-10-23 20:28:12,FALSE,0,0,"Shahrukh_SM11"
"21","Inaki braindead",2016-10-23 20:27:19,FALSE,0,0,"Shahrukh_SM11"
"22","Lucky Real Madrid",2016-10-23 20:26:57,FALSE,0,0,"Shahrukh_SM11"
"23","Its ok RM will drop point next week AWAY to Alaves",2016-10-23 20:25:31,FALSE,0,0,"Shahrukh_SM11"
"24"," ShahRukhxKajol ShahRukh x Kajol
When the whole world stood up and clapped for my SRKajol<U+653C><U+3E64><U+613C><U+3E30><U+623C><U+3E64><U+653C><U+3E64><U+623C><U+3E38><U+613C><U+3E64>I couldnt be prouder<U+653C><U+3E64><U+613C><U+3E30><U+623C><U+3E64><U+653C><U+3E64><U+623C><U+3E38><U+393C><U+3E38>This is something I wil…",2016-10-23 20:25:21,TRUE,8,0,"AKING_KHANa"
"25","This is what happens when u miss golden chances",2016-10-23 20:24:56,FALSE,0,0,"Shahrukh_SM11"
"26","As expected",2016-10-23 20:24:22,FALSE,0,0,"Shahrukh_SM11"
"27","ShahrukhSM Not watching the game",2016-10-23 20:21:24,FALSE,0,0,"bleedblaugrana_"
"28"," bharat boycott aamir salman saif shahrukhmbhatt karan all anti hindu we have to punish dem as no justice m secullar PMCJ…",2016-10-23 20:15:51,TRUE,13,0,"2012_bharat"
"29","Shahrukh Khan Dialogue Ringtone Free Download httpstcoBelqtapFT httpstcoMTfVKIWjtq",2016-10-23 20:15:33,FALSE,0,0,"latestvid"
"30","bleedblaugrana what u think will be the final result bro  Or RM win ",2016-10-23 20:15:13,FALSE,0,0,"Shahrukh_SM11"
"31"," SRKsSoul  of people in the world recognize India as a country that Shahrukh lives in <U+653C><U+3E64><U+613C><U+3E30><U+623C><U+3E64><U+653C><U+3E64><U+623C><U+3E38><U+393C><U+3E38><U+653C><U+3E64><U+613C><U+3E30><U+623C><U+3E64><U+653C><U+3E64><U+623C><U+3E38><U+383C><U+3E61>

BHARAT KI SHAAN SHAH RUKH KHAN httpstc…",2016-10-23 20:06:17,TRUE,114,0,"iamsunnyyyy"
"32","iamsrk Shahrukh Goodnight and youre always better httpstcosLKIvxBzfJ",2016-10-23 20:04:45,FALSE,0,0,"MayaNasry2"
"33","Its time I should stop caring",2016-10-23 20:04:08,FALSE,0,0,"Shahrukh_Ali20"
"34"," ShahRukhxKajol ShahRukh x Kajol
When the whole world stood up and clapped for my SRKajol<U+653C><U+3E64><U+613C><U+3E30><U+623C><U+3E64><U+653C><U+3E64><U+623C><U+3E38><U+613C><U+3E64>I couldnt be prouder<U+653C><U+3E64><U+613C><U+3E30><U+623C><U+3E64><U+653C><U+3E64><U+623C><U+3E38><U+393C><U+3E38>This is something I wil…",2016-10-23 20:01:32,TRUE,8,0,"DasSushmita"
"35"," ShahRukhxKajol ShahRukh x Kajol
When the whole world stood up and clapped for my SRKajol<U+653C><U+3E64><U+613C><U+3E30><U+623C><U+3E64><U+653C><U+3E64><U+623C><U+3E38><U+613C><U+3E64>I couldnt be prouder<U+653C><U+3E64><U+613C><U+3E30><U+623C><U+3E64><U+653C><U+3E64><U+623C><U+3E38><U+393C><U+3E38>This is something I wil…",2016-10-23 19:59:24,TRUE,8,0,"Ilham_LoLo_2002"
"36"," ShahRukhxKajol ShahRukh x Kajol
When the whole world stood up and clapped for my SRKajol<U+653C><U+3E64><U+613C><U+3E30><U+623C><U+3E64><U+653C><U+3E64><U+623C><U+3E38><U+613C><U+3E64>I couldnt be prouder<U+653C><U+3E64><U+613C><U+3E30><U+623C><U+3E64><U+653C><U+3E64><U+623C><U+3E38><U+393C><U+3E38>This is something I wil…",2016-10-23 19:57:32,TRUE,8,0,"Ams048"
"37","iamsrk Shahrukh Sir I love you",2016-10-23 19:55:37,FALSE,0,0,"sofiyanahmad11"
"38"," jperkovic Nah that was the chance They are definitely losing this now",2016-10-23 19:54:30,TRUE,8,0,"Shahrukh_SM11"
"39","Bilbao will pay for their golden chance misses",2016-10-23 19:54:15,FALSE,0,1,"Shahrukh_SM11"
"40","Willaims <ed><U+00A0><U+00BD><ed><U+00B8><U+0096><ed><U+00A0><U+00BD><ed><U+00B8><U+0096><ed><U+00A0><U+00BD><ed><U+00B8><U+0096>",2016-10-23 19:53:52,FALSE,0,1,"Shahrukh_SM11"
"41","Stupid",2016-10-23 19:53:38,FALSE,0,1,"Shahrukh_SM11"
"42"," ShahRukhxKajol ShahRukh x Kajol
When the whole world stood up and clapped for my SRKajol<U+653C><U+3E64><U+613C><U+3E30><U+623C><U+3E64><U+653C><U+3E64><U+623C><U+3E38><U+613C><U+3E64>I couldnt be prouder<U+653C><U+3E64><U+613C><U+3E30><U+623C><U+3E64><U+653C><U+3E64><U+623C><U+3E38><U+393C><U+3E38>This is something I wil…",2016-10-23 19:52:48,TRUE,8,0,"marwasezin"
"43"," YandalYasemin Abba  The Winner Takes It All  iamsrk Dear Shahrukh my friends from SRKTurkeyFCCFC come to u Wish all of u luck htt…",2016-10-23 19:50:17,TRUE,2,0,"akhan127"
"44","Experience Bengal ads featuring Shahrukh Khan to launch soon  The Indian Express  httpstcoaWubqvtY… httpstcooQjSMZCg",2016-10-23 19:49:02,FALSE,0,0,"KKKKiranDotCom"
"45"," YandalYasemin Abba  The Winner Takes It All  iamsrk Dear Shahrukh my friends from SRKTurkeyFCCFC come to u Wish all of u luck htt…",2016-10-23 19:46:34,TRUE,2,0,"AsmaMnh16"
"46","ShahRukh x Kajol
When the whole world stood up and clapped for my SRKajol<U+653C><U+3E64><U+613C><U+3E30><U+623C><U+3E64><U+653C><U+3E64><U+623C><U+3E38><U+613C><U+3E64>I couldnt be prouder<U+653C><U+3E64><U+613C><U+3E30><U+623C><U+3E64><U+653C><U+3E64><U+623C><U+3E38><U+393C><U+3E38>This is something I… httpstcoAWDyQFHxKa",2016-10-23 19:46:03,FALSE,8,11,"ShahRukhxKajol"
"47","ErikaKaar will u marey meI knoW  that m not shahrukh khanSRKBUT m fan of shahrukh will u pls replied mee a once madfan luv u",2016-10-23 19:44:13,FALSE,0,1,"imakasharyan"
"48","iamsrk Shahrukh sir waiting for ur Best wishes on my bday please Reply krdo aaj to 
I love uh alot <U+653C><U+3E64><U+613C><U+3E30><U+623C><U+3E64><U+653C><U+3E64><U+623C><U+3E38><U+393C><U+3E38><U+653C><U+3E64><U+613C><U+3E30><U+623C><U+3E64><U+653C><U+3E64><U+623C><U+3E38><U+393C><U+3E38>",2016-10-23 19:39:09,FALSE,0,0,"Imsrk_fan_paul"
"49","Watch Dear Zindagi First Teaser Released – Take  Life Is A Game … httpstcoCPRLKdX httpstcoidCWNOclSd",2016-10-23 19:37:30,FALSE,0,0,"songs6in"
"50"," godramasonline What Shahrukh Replied When His Daughter Asked About Her Religion   httpstcoqVJrmEmKPl httpstcoZIVkgwl",2016-10-23 19:37:03,TRUE,2,0,"RajaAmer10"
"51","Abba  The Winner Takes It All  iamsrk Dear Shahrukh my friends from SRKTurkeyFCCFC come to u Wish all of u luck httpstcoSjMhKFr",2016-10-23 19:36:36,FALSE,2,2,"YandalYasemin"
"52"," SRKsSoul  of people in the world recognize India as a country that Shahrukh lives in <U+653C><U+3E64><U+613C><U+3E30><U+623C><U+3E64><U+653C><U+3E64><U+623C><U+3E38><U+393C><U+3E38><U+653C><U+3E64><U+613C><U+3E30><U+623C><U+3E64><U+653C><U+3E64><U+623C><U+3E38><U+383C><U+3E61>

BHARAT KI SHAAN SHAH RUKH KHAN httpstc…",2016-10-23 19:34:36,TRUE,114,0,"akhan127"
"53","People here  boycott aamir  shahrukh salman n there movies 

In reality bhai dangal pe  off h  book kar bc",2016-10-23 19:32:14,FALSE,0,0,"R_Sarawgi"
"54","I liked a YouTube video from mukeshagrawal httpstcovyzPgZUmLm Baadshah  The Fourth Teaser Of Shahrukhs st Bday gift",2016-10-23 19:31:51,FALSE,0,0,"mukeshagrawal24"
"55"," SRKsSoul  of people in the world recognize India as a country that Shahrukh lives in <U+653C><U+3E64><U+613C><U+3E30><U+623C><U+3E64><U+653C><U+3E64><U+623C><U+3E38><U+393C><U+3E38><U+653C><U+3E64><U+613C><U+3E30><U+623C><U+3E64><U+653C><U+3E64><U+623C><U+3E38><U+383C><U+3E61>

BHARAT KI SHAAN SHAH RUKH KHAN httpstc…",2016-10-23 19:31:25,TRUE,114,0,"DonRiju"
"56"," SRKsSoul  of people in the world recognize India as a country that Shahrukh lives in <U+653C><U+3E64><U+613C><U+3E30><U+623C><U+3E64><U+653C><U+3E64><U+623C><U+3E38><U+393C><U+3E38><U+653C><U+3E64><U+613C><U+3E30><U+623C><U+3E64><U+653C><U+3E64><U+623C><U+3E38><U+383C><U+3E61>

BHARAT KI SHAAN SHAH RUKH KHAN httpstc…",2016-10-23 19:31:09,TRUE,114,0,"SHAHRUKHDEVOTEE"
"57"," SRKsSoul  of people in the world recognize India as a country that Shahrukh lives in <U+653C><U+3E64><U+613C><U+3E30><U+623C><U+3E64><U+653C><U+3E64><U+623C><U+3E38><U+393C><U+3E38><U+653C><U+3E64><U+613C><U+3E30><U+623C><U+3E64><U+653C><U+3E64><U+623C><U+3E38><U+383C><U+3E61>

BHARAT KI SHAAN SHAH RUKH KHAN httpstc…",2016-10-23 19:29:46,TRUE,114,0,"KashifSRKian"
"58"," SRKsSoul  of people in the world recognize India as a country that Shahrukh lives in <U+653C><U+3E64><U+613C><U+3E30><U+623C><U+3E64><U+653C><U+3E64><U+623C><U+3E38><U+393C><U+3E38><U+653C><U+3E64><U+613C><U+3E30><U+623C><U+3E64><U+653C><U+3E64><U+623C><U+3E38><U+383C><U+3E61>

BHARAT KI SHAAN SHAH RUKH KHAN httpstc…",2016-10-23 19:28:54,TRUE,114,0,"insrksworld"
"59"," SRKsSoul  of people in the world recognize India as a country that Shahrukh lives in <U+653C><U+3E64><U+613C><U+3E30><U+623C><U+3E64><U+653C><U+3E64><U+623C><U+3E38><U+393C><U+3E38><U+653C><U+3E64><U+613C><U+3E30><U+623C><U+3E64><U+653C><U+3E64><U+623C><U+3E38><U+383C><U+3E61>

BHARAT KI SHAAN SHAH RUKH KHAN httpstc…",2016-10-23 19:28:27,TRUE,114,0,"SRKsSoul"
"60","Shahrukh khan to play villain in DHOOM  httpstcoSGrjvxePMP httpstcoVGXvmEqVw",2016-10-23 19:26:09,FALSE,0,0,"Pasha54Pasha"
"61"," Latentes Shahrukh Khan shouldve left u chasing the train httpstcoluLXslpgQ",2016-10-23 19:23:41,TRUE,260,0,"shallowrai"
"62","Many actors or even actresses speak the terms  how they see themselves or what their ambitions are what Shahrukh had been saying for yrs",2016-10-23 19:15:34,FALSE,0,0,"Koffeedeprived"
"63"," breakfreeofbox iamsrk Ur sweet support of aliaa in DearZindagiTake makes us sing Love you Shahrukhji Enjoy my doll tribute ht…",2016-10-23 19:15:25,TRUE,7,0,"iSRKiran"
"64"," theDDixit drjatinanand Ohh I thought his kind of Muslims were like Shahrukh Khan Never mind his words about respected Shiv Sena…",2016-10-23 19:12:49,TRUE,2,0,"drjatinanand"
"65"," theDDixit drjatinanand Ohh I thought his kind of Muslims were like Shahrukh Khan Never mind his words about respected Shiv Sena…",2016-10-23 19:12:26,TRUE,2,0,"simpleriyaz"
"66","drjatinanand Ohh I thought his kind of Muslims were like Shahrukh Khan Never mind his words about respected Shi… httpstconCVnDkf",2016-10-23 19:12:11,FALSE,2,1,"theDDixit"
"67"," breakfreeofbox iamsrk Ur sweet support of aliaa in DearZindagiTake makes us sing Love you Shahrukhji Enjoy my doll tribute ht…",2016-10-23 19:12:05,TRUE,7,0,"KingKhanClub1"
"68"," Squawka Cristiano Ronaldo has completed a takeon for the first time in  minutes of LaLiga action

Long overdue httpstcoPcEA…",2016-10-23 19:06:30,TRUE,476,0,"Shahrukh_SM11"
"69","When you are shahrukhs Fan 
iamsrk httpstcoCviKzl",2016-10-23 19:01:21,FALSE,0,0,"IamWsk1"
"70"," Alhamdhulillaah Quran and Sunnah our way to Jannah",2016-10-23 19:00:29,TRUE,217,0,"Shahrukh_SM11"
"71","This Town  NiallOfficial AcousticCover WeekendVibes
Full cover here httpstcofEBpXOMid httpstcoKzKgzOhgm",2016-10-23 18:58:18,FALSE,0,0,"shahrukh_sharif"
"72"," UpcomingSRKian Shahrukh Khan  YEARS OF TIMELESS DDLJ",2016-10-23 18:54:54,TRUE,1,0,"Cooldonsrk"
"73","Easy win for RM ",2016-10-23 18:53:20,FALSE,0,0,"Shahrukh_SM11"
"74","When you are shahrukhs Fan iamsrk httpstcoanVUHa",2016-10-23 18:51:27,FALSE,0,0,"IamWsk1"
"75","Why am I into this at am 
I think its just me fangirling over the Shahrukh of the sinitials httpstcohPlAhAxLH",2016-10-23 18:47:23,FALSE,0,0,"Weird_Chick18"
"76"," UpcomingSRKian During  t world cup final 
Shahrukh sir httpstcooXNyYKebX",2016-10-23 18:43:36,TRUE,6,0,"iamshafiuddin"
"77","BAAZISHAH iamsrk thanq bro <U+263A> Now waiting for shahrukh sirs rply",2016-10-23 18:33:28,FALSE,0,1,"Imsrk_fan_paul"
"78","Mahira Khan to complete shooting with Shahrukh Khan for Raees httpstcozBuknxDQp",2016-10-23 18:32:03,FALSE,0,1,"DrBarkatSoomro"
"79"," ShoppingIndia Romantic Hero Shahrukh and Pretty Girl Alia Made a Hit on Dear Zindagi
httpstcoYnomrcYPc",2016-10-23 18:31:26,TRUE,55,0,"Tylerty11"
"80"," BOCapsule BOCapsule EXCLUSIVE iamsrk And aliaa Starrer DearZindagi Sold To NH Studioz
httpstcolhHcUf httpstcobnNUD…",2016-10-23 18:25:20,TRUE,14,0,"IAMRSAD"
"81","iAbhiTweets  <U+653C><U+3E64><U+613C><U+3E30><U+623C><U+3E64><U+653C><U+3E64><U+623C><U+3E38><U+383C><U+3E32><U+653C><U+3E64><U+613C><U+3E30><U+623C><U+3E64><U+653C><U+3E64><U+623C><U+3E38><U+383C><U+3E32><U+653C><U+3E64><U+613C><U+3E30><U+623C><U+3E64><U+653C><U+3E64><U+623C><U+3E38><U+383C><U+3E32> yss we use Chu

Hu Shahrukh ne love kru Chu<U+653C><U+3E64><U+613C><U+3E30><U+623C><U+3E64><U+653C><U+3E64><U+623C><U+3E38><U+393C><U+3E62>",2016-10-23 18:22:24,FALSE,0,0,"srb_555"
"82","I added a video to a YouTube playlist httpstcokOLAar Kal Ho Naa Ho  Maahi Ve Video  Shahrukh Khan Saif Preity",2016-10-23 18:19:24,FALSE,0,0,"BosyAli8893"
"83","I liked a YouTube video from youcandowonders httpstcoFsJBlXes  Mind Tricks Shahrukh Uses To Be Popular  How To Have",2016-10-23 18:09:48,FALSE,0,0,"DjADISSON"
"84"," SRKUniverse ‘Experience Bengal’ ads featuring Shah Rukh Khan to launch soon
httpstcouWyJnDmbM httpstcoQgdIYFEQ",2016-10-23 18:03:50,TRUE,166,0,"iamSRK_SAmeer"
"85"," Stylewhack Here is much awaited story of ShahRukh Khan FanClub iamsrk SRKUniverse Maishaan sabse badaa fan
Stylewhack Fans https…",2016-10-23 18:01:39,TRUE,130,0,"iamSRKdevotee"
"86"," SRKUniverse ‘Experience Bengal’ ads featuring Shah Rukh Khan to launch soon
httpstcouWyJnDmbM httpstcoQgdIYFEQ",2016-10-23 18:01:36,TRUE,166,0,"MyNameIsSneha"
"87"," AmritaSehdev Priyanshujora namitadubey some onscreen couples are meant to be togethermake history like ShahrukhampKajol amp Meera amp…",2016-10-23 18:00:42,TRUE,3,0,"shephali_arora"
"88"," Stylewhack Here is much awaited story of ShahRukh Khan FanClub iamsrk SRKUniverse Maishaan sabse badaa fan
Stylewhack Fans https…",2016-10-23 17:59:35,TRUE,130,0,"MyNameIsSneha"
"89","Shahrukh Khan Archives  Customer Care Number httpstcoYYqHgLB",2016-10-23 17:57:23,FALSE,0,2,"GunelKhan"
"90","iamsrk hello shahrukh sir its for uall in hope u like it httpstcoUErdQV",2016-10-23 17:57:12,FALSE,0,0,"shah7066"
"91","Any fans for the classic KalHoNaHo httpstcohABlxYfJI SRK PreityZinta SaifAliKhan prachi httpstcopmAxWnUAf",2016-10-23 17:48:01,FALSE,0,0,"ListlyIndia"
"92","I added a video to a YouTube playlist httpstconjCADZVeEn Kal Ho Naa Ho  Title Track Video  Shahrukh Khan Saif Preity",2016-10-23 17:45:26,FALSE,0,0,"BosyAli8893"
"93","iamsrk Shahrukh Sir  oct mera bday hai
But wo complete tbhi hoga jab apki wishes sath hogi I Luv U Alot <U+653C><U+3E64><U+613C><U+3E30><U+623C><U+3E64><U+653C><U+3E64><U+623C><U+3E38><U+393C><U+3E38><U+653C><U+3E64><U+613C><U+3E30><U+623C><U+3E64><U+653C><U+3E64><U+623C><U+3E38><U+393C><U+3E38> Apke Rply Ka wait rhega",2016-10-23 17:45:13,FALSE,0,1,"Imsrk_fan_paul"
"94"," of the world population s n love with Britly Angelina Jolie Shahrukh Khan etc amp dont even know about FridoMrkasLuther KingGandi",2016-10-23 17:40:03,FALSE,0,0,"Afridiov"
"95"," imranmkkhan Fadnavis holding meeting with Patriot Raj Thackeray AntiNational Karan Johar and Shahrukh Khan standing on the right sid…",2016-10-23 17:33:08,TRUE,6,0,"dennisjohn86"
"96"," Sarveshsrkk DearZindagiTakeBollywood can create  salman and aamir khan but only God can create one shahrukh khan  Dilip Kumar…",2016-10-23 17:31:30,TRUE,5,0,"I_am_arbaz"
"97","SRK The Real King Khan Of Bollywood Mr Shahrukh Khan SIR httpstcoIEzEXjhb",2016-10-23 17:21:52,FALSE,0,0,"Sachin807523"
"98","I liked a YouTube video httpstcoSmIimOy Shahrukh Khan Shower Video",2016-10-23 17:19:59,FALSE,0,0,"John102009"
"99","Dear Zindagi Movie Wallpaper l Shahrukh amp Alia l amp Trailer Chek Out The Upcoming Bollywood… httpstcowaEcjlcDg",2016-10-23 17:18:58,FALSE,0,0,"DanialJavaid075"
"100","Just posted a photo httpstcoYYaFmKUJdm",2016-10-23 17:15:15,FALSE,0,0,"shahrukh_masota"
"101","Dear Movie Hit Dialogue l Shahrukh Khan l Alia Bhat Hello Guys We sharing some beautiful… httpstcozLaqSjjB",2016-10-23 17:14:39,FALSE,0,0,"DanialJavaid075"
"102","Just posted a photo httpstcooOmyzCLif",2016-10-23 17:11:26,FALSE,0,0,"shahrukh_masota"
"103"," feroze Love football Love Chelsea Love you all <U+653C><U+3E64><U+613C><U+3E30><U+623C><U+3E64><U+653C><U+3E64><U+623C><U+3E32><U+393C><U+3E39>",2016-10-23 17:02:55,TRUE,126,0,"Shahrukh_SM11"
"104"," sajtvonline Abtakk TV News anchor says ‘keep watching Samaa’ in the extra of prime time news bulletin
httpstcoPJfLxPkC https…",2016-10-23 16:57:14,TRUE,1,0,"shahrukh_as"
"105","iamsrk good night sweet <U+653C><U+3E64><U+613C><U+3E30><U+623C><U+3E63><U+653C><U+3E64><U+623C><U+3E64><U+613C><U+3E63> dream love u Shahrukh god bless u",2016-10-23 16:56:32,FALSE,0,0,"983Fahmeeda"
"106","The movie Shahrukh n Aish Yes<U+653C><U+3E64><U+613C><U+3E30><U+623C><U+3E64><U+653C><U+3E64><U+623C><U+3E38><U+383C><U+3E34> httpstcostxuOvr",2016-10-23 16:54:38,FALSE,0,0,"sheems_"
"107"," ChelseaFC FULLTIME ChelseaFC  Man Utd <U+653C><U+3E64><U+613C><U+3E30><U+623C><U+3E64><U+653C><U+3E64><U+623C><U+3E31><U+383C><U+3E63> CHEMUN httpstcoaWBJLZjWRu",2016-10-23 16:54:00,TRUE,14468,0,"Shahrukh_SM11"
"108"," FootyEditor Chelsea • Wallpapers httpstcoKKkrzfkAd",2016-10-23 16:53:12,TRUE,139,0,"Shahrukh_SM11"
"109","FT Chelsea  Man nited <U+653C><U+3E64><U+613C><U+3E30><U+623C><U+3E64><U+653C><U+3E64><U+623C><U+3E38><U+383C><U+3E32><U+653C><U+3E64><U+613C><U+3E30><U+623C><U+3E64><U+653C><U+3E64><U+623C><U+3E38><U+383C><U+3E32><U+653C><U+3E64><U+613C><U+3E30><U+623C><U+3E64><U+653C><U+3E64><U+623C><U+3E38><U+383C><U+3E32>",2016-10-23 16:52:46,FALSE,0,0,"Shahrukh_SM11"
"110"," Rukiyeraki Where shahrukh <U+653C><U+3E64><U+613C><U+3E30><U+623C><U+3E64><U+653C><U+3E64><U+623C><U+3E38><U+383C><U+3E39><U+653C><U+3E64><U+613C><U+3E30><U+623C><U+3E64><U+653C><U+3E64><U+623C><U+3E38><U+383C><U+3E33> iamsrk  AsmaMnh crayzeofshahy SRKTWILIGHT HeartBitSrk sumonkhsrk KingKhanMyLife SRKsSoul…",2016-10-23 16:52:45,TRUE,6,0,"HeartBitSrk"
"111"," SRKsOnki The only men 
I LOVE MOST AFTER SHAHRUKH
IS KapilSharmaK my bhai <U+653C><U+3E64><U+613C><U+3E30><U+623C><U+3E64><U+653C><U+3E64><U+623C><U+3E32><U+393C><U+3E39><U+653C><U+3E64><U+613C><U+3E30><U+623C><U+3E64><U+653C><U+3E64><U+623C><U+3E32><U+393C><U+3E39><U+653C><U+3E64><U+613C><U+3E30><U+623C><U+3E64><U+653C><U+3E64><U+623C><U+3E32><U+393C><U+3E39><U+653C><U+3E64><U+613C><U+3E30><U+623C><U+3E64><U+653C><U+3E64><U+623C><U+3E32><U+393C><U+3E39>
i just cant describe my love for this self made star…",2016-10-23 16:50:17,TRUE,1,0,"KatrinaDiAishu9"
"112","The only men 
I LOVE MOST AFTER SHAHRUKH
IS KapilSharmaK my bhai <U+653C><U+3E64><U+613C><U+3E30><U+623C><U+3E64><U+653C><U+3E64><U+623C><U+3E32><U+393C><U+3E39><U+653C><U+3E64><U+613C><U+3E30><U+623C><U+3E64><U+653C><U+3E64><U+623C><U+3E32><U+393C><U+3E39><U+653C><U+3E64><U+613C><U+3E30><U+623C><U+3E64><U+653C><U+3E64><U+623C><U+3E32><U+393C><U+3E39><U+653C><U+3E64><U+613C><U+3E30><U+623C><U+3E64><U+653C><U+3E64><U+623C><U+3E32><U+393C><U+3E39>
i just cant describe my love for this self made star  <U+2764><U+2764>",2016-10-23 16:49:27,FALSE,1,0,"SRKsOnki"
"113","iamsrk love u shahrukh",2016-10-23 16:45:38,FALSE,0,0,"983Fahmeeda"
"114","nehaaks PrashOnHold brumbyOz I just saw Shahrukh coming back to India in Sawdesh u wil b nd if it happens do let me know once u r bak",2016-10-23 16:45:16,FALSE,0,0,"Rehan_280"
"115","Ya ur showing <U+653C><U+3E64><U+613C><U+3E30><U+623C><U+3E64><U+653C><U+3E64><U+623C><U+3E38><U+383C><U+3E32><U+653C><U+3E64><U+613C><U+3E30><U+623C><U+3E64><U+653C><U+3E64><U+623C><U+3E38><U+383C><U+3E32><U+653C><U+3E64><U+613C><U+3E30><U+623C><U+3E64><U+653C><U+3E64><U+623C><U+3E38><U+383C><U+3E32>
httpstcodysitegjT",2016-10-23 16:33:57,FALSE,0,0,"Shahrukh_SM11"
"116"," paulpogba Lets show how were United today <U+653C><U+3E64><U+613C><U+3E30><U+623C><U+3E64><U+653C><U+3E64><U+623C><U+3E31><U+383C><U+3E61><U+653C><U+3E64><U+613C><U+3E30><U+623C><U+3E63><U+653C><U+3E64><U+623C><U+3E66><U+623C><U+3E66> Chelsea x Man Utd ManUtd mufc",2016-10-23 16:33:32,TRUE,13839,0,"Shahrukh_SM11"
"117","So happy for ChelseaFC <U+653C><U+3E64><U+613C><U+3E30><U+623C><U+3E64><U+653C><U+3E64><U+623C><U+3E32><U+393C><U+3E39><U+653C><U+3E64><U+613C><U+3E30><U+623C><U+3E64><U+653C><U+3E64><U+623C><U+3E32><U+393C><U+3E39><U+653C><U+3E64><U+613C><U+3E30><U+623C><U+3E64><U+653C><U+3E64><U+623C><U+3E32><U+393C><U+3E39>",2016-10-23 16:32:24,FALSE,0,0,"Shahrukh_SM11"
"118"," RafaelH Manchester United’s back line making Kante look like Messi vs Manchester City midweek",2016-10-23 16:31:54,TRUE,183,0,"Shahrukh_SM11"
"119"," ESPNFC GOAL Its  

NGolo Kanté dances through the defence and slots home",2016-10-23 16:31:40,TRUE,238,0,"Shahrukh_SM11"
"120"," BarcaLens I cant stop laughing Kante destroyed their defence",2016-10-23 16:31:35,TRUE,4,0,"Shahrukh_SM11"
"121"," RafaelH Jeffren will score the ",2016-10-23 16:31:32,TRUE,75,0,"Shahrukh_SM11"
"122"," FCNazalona Hey ManUtd I almost feel sorry  you",2016-10-23 16:30:33,TRUE,7,0,"Shahrukh_SM11"
"123"," Love u blues <U+653C><U+3E64><U+613C><U+3E30><U+623C><U+3E64><U+653C><U+3E64><U+623C><U+3E32><U+393C><U+3E39><U+653C><U+3E64><U+613C><U+3E30><U+623C><U+3E64><U+653C><U+3E64><U+623C><U+3E32><U+393C><U+3E39><U+653C><U+3E64><U+613C><U+3E30><U+623C><U+3E64><U+653C><U+3E64><U+623C><U+3E32><U+393C><U+3E39>",2016-10-23 16:30:20,FALSE,0,0,"Shahrukh_SM11"
"124"," Ballack Too easy <U+653C><U+3E64><U+613C><U+3E30><U+623C><U+3E64><U+653C><U+3E64><U+623C><U+3E32><U+613C><U+3E61> ",2016-10-23 16:30:12,TRUE,8638,0,"Shahrukh_SM11"
"125"," Conteholic Ouch httpstcogziWrqcfJ",2016-10-23 16:30:03,TRUE,324,0,"Shahrukh_SM11"
"126"," BOCapsule BOCapsule iamsrk Poses As James Bond On The Sets Of TheRing
httpstcoWaHbmHP httpstcoBYshfOgQTS",2016-10-23 16:16:37,TRUE,9,0,"Samiakhan02"
"127","jane wo kese loog thay by Shahrukh httpstcoVZxnlvBF via YouTube httpstcoTSeLgxTOMe",2016-10-23 16:12:59,FALSE,0,0,"shahrukh383"
"128","jane wo kese loog thay by Shahrukh httpstcoVZxnlvBF via YouTube",2016-10-23 16:12:50,FALSE,0,0,"shahrukh383"
"129","Hey deepikapadukone amp priyankachopra Shahrukh Khan Just Called You Both Extremely Gutsy 
httpstcodmesCzpn",2016-10-23 16:09:00,FALSE,0,5,"filmibeat"
"130","Great SevillaFC ",2016-10-23 16:07:56,FALSE,0,0,"Shahrukh_SM11"
"131","ShahrukhSM Cant rule out the possibility",2016-10-23 16:07:48,FALSE,0,1,"bleedblaugrana_"
"132","bleedblaugrana I think well drop points cause Sevilla are too strong and we have many injuries",2016-10-23 16:07:21,FALSE,0,0,"Shahrukh_SM11"
"133"," LaLigaEN FT SevillaFCAtleti 

Sevilla maintain  record at home and go top of LaLigaSantander httpstcoBtjnYXVlpY",2016-10-23 16:06:03,TRUE,89,0,"Shahrukh_SM11"
"134"," Conteholic Costas goal ruled out for offside",2016-10-23 16:05:47,TRUE,17,0,"Shahrukh_SM11"
"135"," SquawkaNews Koke has been sent off vs Sevilla for two bookable offences This is the first time hes been shown a red card in his car…",2016-10-23 15:55:53,TRUE,62,0,"Shahrukh_SM11"
"136","bleedblaugrana lol the thing u say always happens in football How U know this much <U+653C><U+3E64><U+613C><U+3E30><U+623C><U+3E64><U+653C><U+3E64><U+623C><U+3E38><U+393C><U+3E35><U+653C><U+3E64><U+613C><U+3E30><U+623C><U+3E64><U+653C><U+3E64><U+623C><U+3E38><U+393C><U+3E35><U+653C><U+3E64><U+613C><U+3E30><U+623C><U+3E64><U+653C><U+3E64><U+623C><U+3E38><U+393C><U+3E35> become a pundit lol",2016-10-23 15:53:32,FALSE,0,1,"Shahrukh_SM11"
"137","Thanks Pedro and Cahill <U+653C><U+3E64><U+613C><U+3E30><U+623C><U+3E64><U+653C><U+3E64><U+623C><U+3E32><U+393C><U+3E39><U+653C><U+3E64><U+613C><U+3E30><U+623C><U+3E64><U+653C><U+3E64><U+623C><U+3E32><U+393C><U+3E39><U+653C><U+3E64><U+613C><U+3E30><U+623C><U+3E64><U+653C><U+3E64><U+623C><U+3E32><U+393C><U+3E39>
httpstcoWwKeQZYYx",2016-10-23 15:52:59,FALSE,0,1,"Shahrukh_SM11"
"138","ShahrukhSM Not gonna happen tonight",2016-10-23 15:52:38,FALSE,0,0,"bleedblaugrana_"
"139","bleedblaugrana Bro R u sure RM will drop points  Bilbao always gets trashed at Bernabeu",2016-10-23 15:51:52,FALSE,0,0,"Shahrukh_SM11"
"140"," bharat boycott aamir salman saif shahrukhmbhatt karan all anti hindu we have to punish dem as no justice m secullar PMCJ…",2016-10-23 15:51:39,TRUE,13,0,"yantrak"
"141","Atleti will lose but Real Madrid wont im sure Bilbao always gets trashed at Bernabeu",2016-10-23 15:51:23,FALSE,0,0,"Shahrukh_SM11"
"142","Atleti will surely lose now",2016-10-23 15:49:05,FALSE,0,0,"Shahrukh_SM11"
"143","Shahrukh Khan misses Anushka Sharma as she wraps shoot of Imtiazs film  Free Press Journal … httpstcogBlteVpDB",2016-10-23 15:48:09,FALSE,0,1,"KKKKiranDotCom"
"144"," ChelseaFC HALFTIME ChelseaFC  Man Utd <U+653C><U+3E64><U+613C><U+3E30><U+623C><U+3E64><U+653C><U+3E64><U+623C><U+3E31><U+383C><U+3E64> CHEMUN httpstcoctFVGaGPy",2016-10-23 15:48:08,TRUE,3289,0,"Shahrukh_SM11"
"145"," Rukiyeraki Where shahrukh <U+653C><U+3E64><U+613C><U+3E30><U+623C><U+3E64><U+653C><U+3E64><U+623C><U+3E38><U+383C><U+3E39><U+653C><U+3E64><U+613C><U+3E30><U+623C><U+3E64><U+653C><U+3E64><U+623C><U+3E38><U+383C><U+3E33> iamsrk  AsmaMnh crayzeofshahy SRKTWILIGHT HeartBitSrk sumonkhsrk KingKhanMyLife SRKsSoul…",2016-10-23 15:46:54,TRUE,6,0,"SRK_TWILIGHT"
"146","Just woke up from nap and saw Chelsea are winning  YAAS <U+653C><U+3E64><U+613C><U+3E30><U+623C><U+3E64><U+653C><U+3E64><U+623C><U+3E32><U+393C><U+3E39><U+653C><U+3E64><U+613C><U+3E30><U+623C><U+3E64><U+653C><U+3E64><U+623C><U+3E32><U+393C><U+3E39><U+653C><U+3E64><U+613C><U+3E30><U+623C><U+3E64><U+653C><U+3E64><U+623C><U+3E32><U+393C><U+3E39>",2016-10-23 15:46:47,FALSE,0,0,"Shahrukh_SM11"
"147","Dear Zindagi Official Trailer Shahrukh Khan and Alia Bhatt httpstcoonokUaoWW",2016-10-23 15:46:10,FALSE,0,1,"mahnoor_parii"
"148","Just posted a photo httpstcorEUiVIWyAl",2016-10-23 15:45:19,FALSE,0,0,"shahrukh_masota"
"149","The first lesson I learnt about women is they can choose Deepak Tijori over Shahrukh Khan",2016-10-23 15:44:10,FALSE,0,1,"fyzr9"
"150","Experience Bengal ads featuring Shahrukh Khan to launch soon  The Indian Express  httpstcotUPJtLXwF… httpstcoFKmYdcvX",2016-10-23 15:44:02,FALSE,0,0,"KKKKiranDotCom"
"151"," SedenTugbaBeste iamsrk youre the reason why i love India happy birthday Shahrukh Khan",2016-10-23 15:40:02,TRUE,7,0,"SrkRiya__"
"152","Added a new video Bekarar karke hamay yun na jaye by Shahrukh httpstcoBARPhNRYkB video httpstcoZFmdRVaJ",2016-10-23 15:39:59,FALSE,0,0,"shahrukh383"
"153"," monyalwi shahrukhKhan is the reason why I falled in love with India",2016-10-23 15:39:58,TRUE,11,0,"SrkRiya__"
"154"," channisaraa Ahhh shahrukh khan You are the reason why i do love india",2016-10-23 15:39:53,TRUE,3,0,"SrkRiya__"
"155"," sharmeeleeB iamsrk cant wait for ur next movie shahrukhur the only reason Im so connected to India despite living outside L…",2016-10-23 15:39:51,TRUE,5,0,"SrkRiya__"
"156"," ChallaSRKian Shahrukh Khan Is Trending In India Without Any Reason And Without Any Effort From SRK Fans Thats What We Call Stard…",2016-10-23 15:39:46,TRUE,33,0,"SrkRiya__"
"157"," riteshiitb Does the Shahrukh Khan need any reason for trending  Common He is the biggest brand of India",2016-10-23 15:39:44,TRUE,9,0,"SrkRiya__"
"158","Added a new video Bekarar karke hamay yun na jaye by Shahrukh httpstcoBARPhNRYkB httpstcoKRWsXnMml",2016-10-23 15:39:37,FALSE,0,0,"shahrukh383"
"159","Added a new video Bekarar karke hamay yun na jaye by Shahrukh httpstcoBARPhNRYkB httpstcoaVLrqFz",2016-10-23 15:39:36,FALSE,0,0,"shahrukh383"
"160","Added a new video Bekarar karke hamay yun na jaye by Shahrukh httpstcoBARPhNRYkB video httpstcofYnyawrJ",2016-10-23 15:39:35,FALSE,0,0,"shahrukh383"
"161","KkkkirancomTheShahrukhKhanFansPage ZAP<U+2728> Life is a Game wow Amazing Mindblowing Tease Read Blog httpstcoBTypUfWpMj",2016-10-23 15:38:53,FALSE,0,0,"movies_ent"
"162","KkkkirancomTheShahrukhKhanFansPage Shah Rukh Khan AnushkaSharma wrapped the schedule of Read Blog httpstcoowJpbgWKDR",2016-10-23 15:38:16,FALSE,0,0,"movies_ent"
"163"," Rukiyeraki Where shahrukh <U+653C><U+3E64><U+613C><U+3E30><U+623C><U+3E64><U+653C><U+3E64><U+623C><U+3E38><U+383C><U+3E39><U+653C><U+3E64><U+613C><U+3E30><U+623C><U+3E64><U+653C><U+3E64><U+623C><U+3E38><U+383C><U+3E33> iamsrk  AsmaMnh crayzeofshahy SRKTWILIGHT HeartBitSrk sumonkhsrk KingKhanMyLife SRKsSoul…",2016-10-23 15:38:12,TRUE,6,0,"HKivik"
"164","KkkkirancomTheShahrukhKhanFansPage Vaishnavi Been looking for an incision behind Shahruk Read Blog httpstcoTQbiGTUlF",2016-10-23 15:37:39,FALSE,0,1,"movies_ent"
"165","KkkkirancomTheShahrukhKhanFansPage Chandra Kant Shahrukh Khans The Ring To Star Evely Read Blog httpstcobtLpxkHgfM",2016-10-23 15:37:02,FALSE,0,0,"movies_ent"
"166","KkkkirancomTheShahrukhKhanFansPage anewradha Mint fresh How adorable do aliaa and i Read Blog httpstcoWSQwLtxP",2016-10-23 15:36:25,FALSE,0,0,"movies_ent"
"167","Admin  Faisal Khan 
Who is your favourite
 Shaan Shahid Lollywood
 Tom Cruise Hollywood
 Shahrukh httpstcoYbOTNOQuP",2016-10-23 15:36:10,FALSE,0,0,"LollywoodFilm"
"168","KkkkirancomTheShahrukhKhanFansPage SRK EGYPT FAN CLUB   SanjoyRoy  Divya and young SR Read Blog httpstcoChILHEcc",2016-10-23 15:35:48,FALSE,0,0,"movies_ent"
"169","KkkkirancomTheShahrukhKhanFansPage Shah Rukh Khan Thank you for the love you have given  Read Blog httpstcoqjFGHfNy",2016-10-23 15:35:11,FALSE,0,0,"movies_ent"
"170","KkkkirancomTheShahrukhKhanFansPage Natali iamsrk  Oh Shahrukh  you are my sex exciter Read Blog httpstcoyubcincXX",2016-10-23 15:34:33,FALSE,0,0,"movies_ent"
"171","KkkkirancomTheShahrukhKhanFansPage Maha Loves SRK Rewind The Time
But In Different Style Read Blog httpstcoBxQIDiUoHG",2016-10-23 15:33:56,FALSE,0,0,"movies_ent"
"172","KkkkirancomTheShahrukhKhanFansPage Shah Rukh Khan GrantXhaka lets do this real next ti Read Blog httpstcoOaqmbin",2016-10-23 15:33:19,FALSE,0,0,"movies_ent"
"173","KkkkirancomTheShahrukhKhanFansPage SRKs Annie iamsrk good night zindagi <U+2764><U+FE0F> Read Blog httpstcouhYbINbnBE",2016-10-23 15:32:42,FALSE,0,0,"movies_ent"
"174","KkkkirancomTheShahrukhKhanFansPage Aman Malik Just Watched DearZindagi Teaser Loved it  Read Blog httpstcoWIKXGxwAFZ",2016-10-23 15:32:05,FALSE,0,0,"movies_ent"
"175","KkkkirancomTheShahrukhKhanFansPage D A A N I S H iamsrk DearZindagi  Look promising   Read Blog httpstcofhOIEIJUAJ",2016-10-23 15:31:28,FALSE,0,0,"movies_ent"
"176","KkkkirancomTheShahrukhKhanFansPage MAX Television Can you imagine two of iamsrks most  Read Blog httpstcoRunnh",2016-10-23 15:30:14,FALSE,0,0,"movies_ent"
"177"," bharat boycott aamir salman saif shahrukhmbhatt karan all anti hindu we have to punish dem as no justice m secullar PMCJ…",2016-10-23 15:29:46,TRUE,13,0,"DSGiri"
"178"," Rukiyeraki Where shahrukh <U+653C><U+3E64><U+613C><U+3E30><U+623C><U+3E64><U+653C><U+3E64><U+623C><U+3E38><U+383C><U+3E39><U+653C><U+3E64><U+613C><U+3E30><U+623C><U+3E64><U+653C><U+3E64><U+623C><U+3E38><U+383C><U+3E33> iamsrk  AsmaMnh crayzeofshahy SRKTWILIGHT HeartBitSrk sumonkhsrk KingKhanMyLife SRKsSoul…",2016-10-23 15:22:44,TRUE,6,0,"sumonkh29srk"
"179"," riteshiitb Does the Shahrukh Khan need any reason for trending  Common He is the biggest brand of India",2016-10-23 15:11:22,TRUE,9,0,"deba2501"
"180"," BohatHandsome Great minds discuss ideas average minds discuss events small minds discuss people Shahrukh",2016-10-23 15:10:14,TRUE,66,0,"ThtKhattak"
"181"," BohatHandsome Teacher ten chemical ke name batao

Me Oxygen carbon florin sumreen

nosheen rameen and yasmeen <U+653C><U+3E64><U+613C><U+3E30><U+623C><U+3E64><U+653C><U+3E64><U+623C><U+3E38><U+393C><U+3E62> <U+653C><U+3E64><U+613C><U+3E30><U+623C><U+3E64><U+653C><U+3E64><U+623C><U+3E38><U+383C><U+3E30>
Shahrukh",2016-10-23 15:10:05,TRUE,44,0,"ThtKhattak"
"182"," SedenTugbaBeste iamsrk youre the reason why i love India happy birthday Shahrukh Khan",2016-10-23 15:08:40,TRUE,7,0,"Rahul_SRKians"
"183"," channisaraa Ahhh shahrukh khan You are the reason why i do love india",2016-10-23 15:08:24,TRUE,3,0,"Rahul_SRKians"
"184"," monyalwi shahrukhKhan is the reason why I falled in love with India",2016-10-23 15:06:07,TRUE,11,0,"rehan5heikh"
"185"," ChallaSRKian Shahrukh Khan Is Trending In India Without Any Reason And Without Any Effort From SRK Fans Thats What We Call Stard…",2016-10-23 15:04:30,TRUE,33,0,"i_parulgarg"
"186"," riteshiitb Does the Shahrukh Khan need any reason for trending  Common He is the biggest brand of India",2016-10-23 15:02:43,TRUE,9,0,"iamdishah"
"187","I am big fan of shahrukh khan",2016-10-23 14:58:11,FALSE,0,1,"MdTaufiqueSidd1"
"188"," monyalwi shahrukhKhan is the reason why I falled in love with India",2016-10-23 14:57:48,TRUE,11,0,"AnSRKian"
"189","I liked a YouTube video from jayvijaysachan httpstcoubKVXwkDQ Best mimicry of Shahrukh Khan by Jayvijay Sachan",2016-10-23 14:53:48,FALSE,0,0,"Niranjanpawar1"
"190"," riteshiitb Does the Shahrukh Khan need any reason for trending  Common He is the biggest brand of India",2016-10-23 14:53:22,TRUE,9,0,"PoPsSrK"
"191"," monyalwi shahrukhKhan is the reason why I falled in love with India",2016-10-23 14:53:21,TRUE,11,0,"iamSRK_SAmeer"
"192"," ChallaSRKian Shahrukh Khan Is Trending In India Without Any Reason And Without Any Effort From SRK Fans Thats What We Call Stard…",2016-10-23 14:53:12,TRUE,33,0,"PoPsSrK"
"193"," riteshiitb Does the Shahrukh Khan need any reason for trending  Common He is the biggest brand of India",2016-10-23 14:53:06,TRUE,9,0,"Challa_SRKian"
"194"," ChallaSRKian Shahrukh Khan Is Trending In India Without Any Reason And Without Any Effort From SRK Fans Thats What We Call Stard…",2016-10-23 14:53:00,TRUE,33,0,"Challa_SRKian"
"195"," monyalwi shahrukhKhan is the reason why I falled in love with India",2016-10-23 14:52:43,TRUE,11,0,"ISoulSRK"
"196"," SedenTugbaBeste iamsrk youre the reason why i love India happy birthday Shahrukh Khan",2016-10-23 14:52:03,TRUE,7,0,"EmotionalSrkian"
"197"," sharmeeleeB iamsrk cant wait for ur next movie shahrukhur the only reason Im so connected to India despite living outside L…",2016-10-23 14:52:02,TRUE,5,0,"Challa_SRKian"
"198"," channisaraa Ahhh shahrukh khan You are the reason why i do love india",2016-10-23 14:51:56,TRUE,3,0,"Challa_SRKian"
"199"," monyalwi shahrukhKhan is the reason why I falled in love with India",2016-10-23 14:51:48,TRUE,11,0,"Challa_SRKian"
"200"," SedenTugbaBeste iamsrk youre the reason why i love India happy birthday Shahrukh Khan",2016-10-23 14:51:38,TRUE,7,0,"Challa_SRKian"
"201"," UpcomingSRKian During  t world cup final 
Shahrukh sir httpstcooXNyYKebX",2016-10-23 14:48:40,TRUE,6,0,"KingsSrkian"
"202","Shahrukh sir this  boy need help for treatment he is muslim and no  help him need a kidni othrwse  lack ru httpstcoRIIcCDufM",2016-10-23 14:48:02,FALSE,0,0,"prashan69625202"
"203","luhanisaman I feel like its a shahrukh khan movie but I still want more details",2016-10-23 14:40:13,FALSE,0,0,"jngusk"
"204","cheemasays u realize u just sarcastically said u destroyed shahrukh 
Meaning u did not Meaning ur bad at footballgood to know",2016-10-23 14:39:18,FALSE,0,0,"princzeem"
"205"," UpcomingSRKian During  t world cup final 
Shahrukh sir httpstcooXNyYKebX",2016-10-23 14:32:08,TRUE,6,0,"iamMawSRKian"
"206"," UpcomingSRKian During  t world cup final 
Shahrukh sir httpstcooXNyYKebX",2016-10-23 14:31:48,TRUE,6,0,"btown_fanatic"
"207"," Rukiyeraki shahrukh khan and me with the same photo <U+653C><U+3E64><U+613C><U+3E30><U+623C><U+3E64><U+653C><U+3E64><U+623C><U+3E38><U+393C><U+3E32><U+653C><U+3E64><U+613C><U+3E30><U+623C><U+3E64><U+653C><U+3E64><U+623C><U+3E38><U+613C><U+3E32><U+653C><U+3E64><U+613C><U+3E30><U+623C><U+3E64><U+653C><U+3E64><U+623C><U+3E38><U+383C><U+3E39> SRKIAN httpstcopyBlqqvuUQ",2016-10-23 14:31:13,TRUE,9,0,"iamlittlesrk"
"208"," Rukiyeraki Where shahrukh <U+653C><U+3E64><U+613C><U+3E30><U+623C><U+3E64><U+653C><U+3E64><U+623C><U+3E38><U+383C><U+3E39><U+653C><U+3E64><U+613C><U+3E30><U+623C><U+3E64><U+653C><U+3E64><U+623C><U+3E38><U+383C><U+3E33> iamsrk  AsmaMnh crayzeofshahy SRKTWILIGHT HeartBitSrk sumonkhsrk KingKhanMyLife SRKsSoul…",2016-10-23 14:29:39,TRUE,6,0,"AsmaMnh16"
"209"," Rukiyeraki Where shahrukh <U+653C><U+3E64><U+613C><U+3E30><U+623C><U+3E64><U+653C><U+3E64><U+623C><U+3E38><U+383C><U+3E39><U+653C><U+3E64><U+613C><U+3E30><U+623C><U+3E64><U+653C><U+3E64><U+623C><U+3E38><U+383C><U+3E33> iamsrk  AsmaMnh crayzeofshahy SRKTWILIGHT HeartBitSrk sumonkhsrk KingKhanMyLife SRKsSoul…",2016-10-23 14:25:28,TRUE,6,0,"crayzeofshah22y"
"210","Where shahrukh <U+653C><U+3E64><U+613C><U+3E30><U+623C><U+3E64><U+653C><U+3E64><U+623C><U+3E38><U+383C><U+3E39><U+653C><U+3E64><U+613C><U+3E30><U+623C><U+3E64><U+653C><U+3E64><U+623C><U+3E38><U+383C><U+3E33> iamsrk  AsmaMnh crayzeofshahy SRKTWILIGHT HeartBitSrk sumonkhsrk KingKhanMyLife… httpstcoAKvyDbFtI",2016-10-23 14:21:57,FALSE,6,8,"Rukiye_raki"
"211","I liked a YouTube video httpstcogQREmjnTH Noor E Khuda  My Name is Khan  Shahrukh Khan  Kajol",2016-10-23 14:21:22,FALSE,0,0,"AsquareX"
"212"," BohatHandsome Teacher ten chemical ke name batao

Me Oxygen carbon florin sumreen

nosheen rameen and yasmeen <U+653C><U+3E64><U+613C><U+3E30><U+623C><U+3E64><U+653C><U+3E64><U+623C><U+3E38><U+393C><U+3E62> <U+653C><U+3E64><U+613C><U+3E30><U+623C><U+3E64><U+653C><U+3E64><U+623C><U+3E38><U+383C><U+3E30>
Shahrukh",2016-10-23 14:16:44,TRUE,44,0,"Aemy760"
"213"," BohatHandsome Great minds discuss ideas average minds discuss events small minds discuss people Shahrukh",2016-10-23 14:15:54,TRUE,66,0,"Aemy760"
"214"," ashind chankyaa devyanidilli 
BOYCOTT ADHM  DANGAL and Shahrukh too 
Dont deserve any mercy",2016-10-23 14:09:45,TRUE,1,0,"girish_bapat"
"215"," UpcomingSRKian During  t world cup final 
Shahrukh sir httpstcooXNyYKebX",2016-10-23 14:06:49,TRUE,6,0,"SHAHRUKHDEVOTEE"
"216","During  t world cup final 
Shahrukh sir httpstcooXNyYKebX",2016-10-23 14:06:38,FALSE,6,11,"UpcomingSRKian"
"217","I liked a YouTube video from jayvijaysachan httpstcoFxZtDsTYx Best mimicry of Shahrukh Khan by Jayvijay Sachan",2016-10-23 14:05:49,FALSE,0,0,"SurajEditors"
"218"," bharat boycott aamir salman saif shahrukhmbhatt karan all anti hindu we have to punish dem as no justice m secullar PMCJ…",2016-10-23 14:01:31,TRUE,13,0,"GopalSharma1601"
"219","Mahira Khan to complete shooting with Shahrukh Khan for Raees
httpstcoPVBzeWLA httpstcoCAmXqnwbp via newschannel",2016-10-23 13:57:30,FALSE,0,0,"trendstodayapp"
"220"," bharat boycott aamir salman saif shahrukhmbhatt karan all anti hindu we have to punish dem as no justice m secullar PMCJ…",2016-10-23 13:56:55,TRUE,13,0,"Sharmaroyals"
"221","iamsrk With fan In Budapest Hungary srk shahrukhkhan
ManishKumarFilms
 shahrukh srkian raees dilwale httpstcoFdwfBhRt",2016-10-23 13:52:42,FALSE,0,0,"ManishKumarFilm"
"222","“Knowing is not enough we must apply Willing is not enough we must do” Bruce Lee",2016-10-23 13:52:34,FALSE,0,0,"shahrukh_rao"
"223","Mahira Khan to complete shooting with Shahrukh Khan for Raees httpstcohbVXDLIa httpstcoBwhjianb",2016-10-23 13:52:23,FALSE,0,0,"92_News1"
"224","Mahira Khan to complete shooting with Shahrukh Khan for Raees httpstcoLDQLrtW httpstcoTKJEypehI",2016-10-23 13:52:07,FALSE,0,11,"92newschannel"
"225"," bharat boycott aamir salman saif shahrukhmbhatt karan all anti hindu we have to punish dem as no justice m secullar PMCJ…",2016-10-23 13:48:39,TRUE,13,0,"provanjan999"
"226","asktrish which is ur Fav Shahrukh movie",2016-10-23 13:48:23,FALSE,0,0,"FanSRK305"
"227","I added a video to a YouTube playlist httpstcoGCdZybBjZ Shahrukh Khan Slapped Honey Singh",2016-10-23 13:47:37,FALSE,0,0,"Sakib_David"
"228"," kfc Buckety is filled with delicious chicken tenders and a man who is  feet  inches tall httpstcocABUkMGkyA",2016-10-23 13:42:26,TRUE,65,0,"shahrukh_aansa"
"229","trishtrashers few words about Shahrukh",2016-10-23 13:37:54,FALSE,0,0,"massmaharaaj"
"230"," UpcomingSRKian Only shahrukh sir no aamir no salman 
 httpstcoyUsXDXAR",2016-10-23 13:29:52,TRUE,7,0,"JabRa_SRKFan"
"231"," bharat boycott aamir salman saif shahrukhmbhatt karan all anti hindu we have to punish dem as no justice m secullar PMCJ…",2016-10-23 13:29:32,TRUE,13,0,"Dabaa_K_Maru"
"232"," Alhamdhulillaah All glory belongs to Allah",2016-10-23 13:22:03,TRUE,346,0,"Shahrukh_SM11"
"233"," ChelseaFC Two hours to go",2016-10-23 13:21:49,TRUE,608,0,"Shahrukh_SM11"
"234"," bharat boycott aamir salman saif shahrukhmbhatt karan all anti hindu we have to punish dem as no justice m secullar PMCJ…",2016-10-23 13:21:05,TRUE,13,0,"shashishekhard"
"235"," bharat boycott aamir salman saif shahrukhmbhatt karan all anti hindu we have to punish dem as no justice m secullar PMCJ…",2016-10-23 13:20:02,TRUE,13,0,"SharmaHDL"
"236"," bharat boycott aamir salman saif shahrukhmbhatt karan all anti hindu we have to punish dem as no justice m secullar PMCJ…",2016-10-23 13:18:54,TRUE,13,0,"surya1156"
"237","What happened to Man City  They forgot how to win",2016-10-23 13:18:27,FALSE,0,0,"Shahrukh_SM11"
"238"," bharat boycott aamir salman saif shahrukhmbhatt karan all anti hindu we have to punish dem as no justice m secullar PMCJ…",2016-10-23 13:16:25,TRUE,13,0,"birajanath"
"239","How Irfan Khan Insulted Shahrukh Khan in st Filmfare awards  HD httpstcoxcoWespyVT via YouTube",2016-10-23 13:16:24,FALSE,0,0,"esshridhar"
"240"," bharat boycott aamir salman saif shahrukhmbhatt karan all anti hindu we have to punish dem as no justice m secullar PMCJ…",2016-10-23 13:16:17,TRUE,13,0,"ajinkyajategaon"
"241"," bharat boycott aamir salman saif shahrukhmbhatt karan all anti hindu we have to punish dem as no justice m secullar PMCJ…",2016-10-23 13:12:40,TRUE,13,0,"HinduJagoran"
"242","boycott aamir salman saif shahrukhmbhatt karan all anti hindu we have to punish dem as no justice m seculla… httpstcoXMkfU",2016-10-23 13:09:16,FALSE,13,6,"2012_bharat"
"243"," BohatHandsome Teacher ten chemical ke name batao

Me Oxygen carbon florin sumreen

nosheen rameen and yasmeen <U+653C><U+3E64><U+613C><U+3E30><U+623C><U+3E64><U+653C><U+3E64><U+623C><U+3E38><U+393C><U+3E62> <U+653C><U+3E64><U+613C><U+3E30><U+623C><U+3E64><U+653C><U+3E64><U+623C><U+3E38><U+383C><U+3E30>
Shahrukh",2016-10-23 13:08:20,TRUE,44,0,"FaiqaYawer"
"244"," BohatHandsome Great minds discuss ideas average minds discuss events small minds discuss people Shahrukh",2016-10-23 13:07:11,TRUE,66,0,"FaiqaYawer"
"245"," Latentes Shahrukh Khan shouldve left u chasing the train httpstcoluLXslpgQ",2016-10-23 12:59:10,TRUE,260,0,"rockmycrocs"
"246"," BSKFanClub SalmanKhan with KabirKhan on the sets of Tubelight in Manali httpstcolmPUrGyQM",2016-10-23 12:56:50,TRUE,208,0,"myself_shahrukh"
"247","Dear Zindagi Trailer Teaser  Out Now ft Shahrukh Khan And Alia Bhatt httpstcoMEtHMUDPi via YouTube",2016-10-23 12:55:48,FALSE,0,0,"firedragon2512"
"248","KanikaDhillon  Question on Quora httpstcoPyLzsFz",2016-10-23 12:53:25,FALSE,0,0,"S13RW81"
"249","Shahrukh gives in to peer pressure to make a wrestling movie for maintaining Khan harmony Mumbai Bollywood httpstcokIkzixD",2016-10-23 12:50:56,FALSE,0,0,"ABRanaali1"
"250"," karanjohar Coming tomorrow The fully FILMI song of the year Once you breakup time to find your Cutiepie aedil journeyoflov…",2016-10-23 12:41:47,TRUE,453,0,"myself_shahrukh"
"251"," SRKUniverse SRK On days when I feel happy I wear white

 if you think our KingOfStyle looks smoking hot in white<U+653C><U+3E64><U+613C><U+3E30><U+623C><U+3E64><U+653C><U+3E64><U+623C><U+3E34><U+613C><U+3E35> httpstc…",2016-10-23 12:41:11,TRUE,250,0,"myself_shahrukh"
"252"," BeyarKonst SRKian Adorable Haha love the kid in the back holding his gun to his nose Shahrukh looks amazing as always",2016-10-23 12:40:30,TRUE,1,0,"SRKian__"
"253"," RakeshRoshanN st launch of Kaabil st day on Twitter and st birthday of pinkyWhat a dayglad atleast on d outside we look like…",2016-10-23 12:39:37,TRUE,721,0,"myself_shahrukh"
"254"," billclinton This country still does offer the American dream And if you dont vote youre saying you dont care httpstcoG…",2016-10-23 12:38:53,TRUE,3731,0,"myself_shahrukh"
"255","SRKian Adorable Haha love the kid in the back holding his gun to his nose Shahrukh looks amazing as always",2016-10-23 12:37:54,FALSE,1,2,"BeyarKonst"
"256"," moviesnowtv SpectreOnMN starts in  minutes All we need is  RTs to unlock the Tampcs  and invite to win prizes every hour htt…",2016-10-23 12:37:38,TRUE,290,0,"myself_shahrukh"
"257"," SRKUniverse SRK and my chemistry is organic Karan Johar
httpstcoqhCCSeAAE httpstcodSviLmvfVB",2016-10-23 12:37:22,TRUE,156,0,"myself_shahrukh"
"258","Who is most handsome bollywood actor
SalmanShahRukhAmirHrithikVarunRanveerKShiddharthShahidRanvirSTigerSrof",2016-10-23 12:35:24,FALSE,0,1,"OfficeIi"
"259"," SRKUniverse  if watching King Khan so happy puts a big smile on your face <U+653C><U+3E64><U+613C><U+3E30><U+623C><U+3E64><U+653C><U+3E64><U+623C><U+3E39><U+383C><U+3E32> httpstcooFnqxWKy",2016-10-23 12:34:46,TRUE,252,0,"myself_shahrukh"
"260"," SrBachchan T   As they would say in Gujarat where the World Cup was held  
PHADI NAK  
INDIA beat IRAN  httpstcoHHH…",2016-10-23 12:34:09,TRUE,1996,0,"myself_shahrukh"
"261"," HillaryClinton My son was Captain Humayun Khan He was  years old And he was a Muslim American httpstcoaskRMdV",2016-10-23 12:33:38,TRUE,8066,0,"myself_shahrukh"
"262"," iamsrk Kabaddi…kabaddi…kabaddi We are home Congratulations India Third title on the trot Well done Anup Ajay amp the whole team Ch…",2016-10-23 12:33:07,TRUE,6411,0,"myself_shahrukh"
"263","chankyaa devyanidilli 
BOYCOTT ADHM  DANGAL and Shahrukh too 
Dont deserve any mercy",2016-10-23 12:28:07,FALSE,1,1,"ashind4"
"264","Comeback strong Don andresiniesta <U+2764><U+FE0F>
httpstcocInukCT",2016-10-23 12:25:56,FALSE,0,0,"Shahrukh_SM11"
"265"," FCBarcelona INJURY NEWS Andrés Iniesta expected to be out for  weeks with a knee injury httpstcoRQbmVEut httpstcoVpj…",2016-10-23 12:25:05,TRUE,708,0,"Shahrukh_SM11"
"266"," FCBarcelona NEXT LEAGUE MATCH
<U+26BD><U+FE0F> FC Barcelona vs Granada
<U+653C><U+3E64><U+613C><U+3E30><U+623C><U+3E64><U+653C><U+3E64><U+623C><U+3E33><U+383C><U+3E36> 
<U+653C><U+3E64><U+613C><U+3E30><U+623C><U+3E64><U+653C><U+3E64><U+623C><U+3E35><U+393C><U+3E65>  pm CET
<U+653C><U+3E64><U+613C><U+3E30><U+623C><U+3E64><U+653C><U+3E64><U+623C><U+3E33><U+623C><U+3E32> FCBGranada FCBlive
Full calendar <U+27A1><U+FE0F> https…",2016-10-23 12:24:51,TRUE,237,0,"Shahrukh_SM11"
"267"," PapersOfBarca Official Iniesta will miss  weeks depending on this recovery fcb fcblive",2016-10-23 12:24:05,TRUE,124,0,"Shahrukh_SM11"
"268","Win today please ChelseaFC <U+653C><U+3E64><U+613C><U+3E30><U+623C><U+3E64><U+653C><U+3E64><U+623C><U+3E32><U+393C><U+3E39><U+653C><U+3E64><U+613C><U+3E30><U+623C><U+3E64><U+653C><U+3E64><U+623C><U+3E32><U+393C><U+3E39><U+653C><U+3E64><U+613C><U+3E30><U+623C><U+3E64><U+653C><U+3E64><U+623C><U+3E32><U+393C><U+3E39>",2016-10-23 12:23:44,FALSE,0,0,"Shahrukh_SM11"
"269","Man City will bounce back today",2016-10-23 12:23:27,FALSE,0,0,"Shahrukh_SM11"
"270"," ManCity TEAM NEWS with haysworldwide cityvsaints mcfc httpstcooeMwMS",2016-10-23 12:23:12,TRUE,1385,0,"Shahrukh_SM11"
"271"," BarcaLens A draw in the Sevilla vs Atlético Madrid game would be perfect and Real Madrid not winning",2016-10-23 12:23:01,TRUE,13,0,"Shahrukh_SM11"
"272"," KapilSharmaK Chalo now bye have to go for workout weight bahut badh gya hai need to reduce for next movie  love u all",2016-10-23 12:22:50,TRUE,437,0,"Shahrukh_SM11"
"273"," UpcomingSRKian Only shahrukh sir no aamir no salman 
 httpstcoyUsXDXAR",2016-10-23 12:22:22,TRUE,7,0,"btown_fanatic"
"274"," messistats Lionel Messi
 games
 GOALS
 ASSISTS
 trophies<U+653C><U+3E64><U+613C><U+3E30><U+623C><U+3E63><U+653C><U+3E64><U+623C><U+3E66><U+383C><U+3E36>
 HATTRICKS
 Ballon dOr
 golden boot
 UEFA best player <U+653C><U+3E64><U+613C><U+3E30><U+623C><U+3E63><U+653C><U+3E64><U+623C><U+3E66><U+383C><U+3E36>…",2016-10-23 12:21:34,TRUE,603,0,"Shahrukh_SM11"
"275","bleedblaugrana Itll be Ronaldos last Ballon DOr MESSI will win it from nest season",2016-10-23 12:21:29,FALSE,0,0,"Shahrukh_SM11"
"276"," shahrukhfann Cant wait for MS DHONI to bat",2016-10-23 12:19:57,TRUE,1,0,"shahrukh_fann"
"277"," shahrukhfann India v New Zealand on the third odi India need  and  of ",2016-10-23 12:19:55,TRUE,1,0,"shahrukh_fann"
"278","Cant wait for MS DHONI to bat",2016-10-23 12:19:48,FALSE,1,0,"shahrukh_fann"
"279"," TouchOfAndres Ac Milan now only  points behind juventus in serie a Could this be their comeback year I really hope so",2016-10-23 12:19:43,TRUE,1,0,"Shahrukh_SM11"
"280","India v New Zealand on the third odi India need  and  of ",2016-10-23 12:19:10,FALSE,1,0,"shahrukh_fann"
"281"," valenciacfen VCF will  carry out a thorough investigation on the incident and  will continue to work to prevent that kind of incident…",2016-10-23 12:18:49,TRUE,14,0,"Shahrukh_SM11"
"282"," Baleinho LOCKSCREEN  One of the best Lionel Messi

RTs and likes are appreciated httpstcocYufIhWES",2016-10-23 12:18:17,TRUE,28,0,"Shahrukh_SM11"
"283","Will imsrk be Brand Ambassador of Apple in India  httpstcoPuAlXp",2016-10-23 12:16:16,FALSE,0,0,"buzz2daychannel"
"284","I added a video to a YouTube playlist httpstcodYYWA Teaser No Of Shahrukhs st day ",2016-10-23 12:15:19,FALSE,0,0,"mukeshagrawal24"
"285","I added a video to a YouTube playlist httpstcoegxylibC Teaser No  st BirthDay of Shahrukh khan",2016-10-23 12:15:18,FALSE,0,0,"mukeshagrawal24"
"286","I added a video to a YouTube playlist httpstcovyzPgZCLmM Baadshah  The Fourth Teaser Of Shahrukhs st Bday gift",2016-10-23 12:15:16,FALSE,0,0,"mukeshagrawal24"
"287","Shahrukh Khan Family Pictures Indian Cebrities httpstconQucZZnaF",2016-10-23 12:13:46,FALSE,0,1,"GunelKhan"
"288","Shahrukh gives in to peer pressure to make a wrestling movie for maintaining Khan harmony  Firstpos httpstcokgHoVWmBPq iamsrk",2016-10-23 12:12:16,FALSE,0,0,"BoIIIywood"
"289"," svnjida I swear I hated Saif Ali Khan for this HOW CAN HE DO THAT TO SHAHRUKH KHAN BRUVV httpstcoNcvhSsM",2016-10-23 12:11:23,TRUE,2,0,"itsSimplySadya"
"290"," shahrukh The latest The ShahrukhARTIST Daily httpstcodkWSRAeid Thanks to umarwrites iSupportPTI MohammadFarooq pti c…",2016-10-23 12:10:31,TRUE,1,0,"Treadstone71LLC"
"291","The latest The ShahrukhARTIST Daily httpstcodkWSRAeid Thanks to umarwrites iSupportPTI MohammadFarooq pti cyberespionage",2016-10-23 12:10:04,FALSE,1,0,"shahrukh383"
"292","KingKhan Shahrukh gives in to peer pressure to make a wrestling movie for maintaining Khan harmony …… httpstcoDHzagSl",2016-10-23 12:09:08,FALSE,0,0,"iamSRK_News"
"293"," Stylewhack Here is much awaited story of ShahRukh Khan FanClub iamsrk SRKUniverse Maishaan sabse badaa fan
Stylewhack Fans https…",2016-10-23 12:08:44,TRUE,130,0,"ShahidRander1"
"294","Which Character of Shahrukh Khan Suits You httpstcoftEvQBmc",2016-10-23 12:01:32,FALSE,0,0,"IamHuzzi"
"295","decertatio Shahrukh Khans radiating enthusiasm never fails to make me smile that was so fun to watch XD",2016-10-23 11:57:36,FALSE,0,1,"nemartpoland"
"296","Shahrukh is Bollywoodact
Salman is Bollywoodcrap 
and KRK is httpstcowRLkuUJF",2016-10-23 11:55:34,FALSE,1,4,"OversmartMe"
"297"," Latentes Shahrukh Khan shouldve left u chasing the train httpstcoluLXslpgQ",2016-10-23 11:42:39,TRUE,260,0,"Amna_nx"
"298","Why Does Katrina Kaif Have to Suck on a Bottle to Sell Juice While Shahrukh Simply Needs to Hold it up and Smile httpstcoAkmoDDoEW",2016-10-23 11:40:23,FALSE,0,0,"instantlyness"
"299"," UpcomingSRKian Only shahrukh sir no aamir no salman 
 httpstcoyUsXDXAR",2016-10-23 11:38:46,TRUE,7,0,"artikumari09"
"300","Shahrukh Khan misses Anushka Sharma as she wraps shoot of Imtiazs film  Free Press Journal … httpstcoimSNeiJJ",2016-10-23 11:36:35,FALSE,0,1,"KKKKiranDotCom"
"301"," MyFakingNews Shahrukh gives in to peer pressure to make a wrestling movie for maintaining Khan harmony
httpstcoheVBKJEf by P…",2016-10-23 11:33:14,TRUE,1,0,"Pushkar327"
"302","Experience Bengal ads featuring Shahrukh Khan to launch soon  The Indian Express  httpstcoOcSZdE… httpstcoUVMJOVz",2016-10-23 11:31:56,FALSE,0,0,"KKKKiranDotCom"
"303","ShahroooO Lastpapers HAHAHAHA LOOK AT HIM Stop acting like a  year old shahrukh Chillp",2016-10-23 11:24:29,FALSE,0,1,"marium_ahmad"
"304"," UpcomingSRKian Only shahrukh sir no aamir no salman 
 httpstcoyUsXDXAR",2016-10-23 11:20:14,TRUE,7,0,"srk_fanzzzz"
"305"," UpcomingSRKian Only shahrukh sir no aamir no salman 
 httpstcoyUsXDXAR",2016-10-23 11:19:49,TRUE,7,0,"InSRKsHEART"
"306","shahrukh khan is the king of acting honestly if you guys dont know him i strongly suggest yall watch his movies it is just incredible",2016-10-23 11:19:35,FALSE,0,1,"ShoheiI_63"
"307","Your twitter crush AskAnisa dont say shahrukh be honest SRKsAnisa",2016-10-23 11:16:07,FALSE,0,0,"RKs_lovely"
"308"," petercrouch At least Im getting a game somewhere <U+653C><U+3E64><U+613C><U+3E30><U+623C><U+3E64><U+653C><U+3E64><U+623C><U+3E31><U+383C><U+3E64><U+653C><U+3E64><U+613C><U+3E30><U+623C><U+3E63><U+653C><U+3E64><U+623C><U+3E66><U+623C><U+3E62> httpstcoQabJHWIa",2016-10-23 11:15:01,TRUE,23871,0,"Shahrukh_Raja96"
"309"," UpcomingSRKian Only shahrukh sir no aamir no salman 
 httpstcoyUsXDXAR",2016-10-23 11:13:40,TRUE,7,0,"Srkian_zer"
"310","Shahrukh gives in to peer pressure to make a wrestling movie for maintaining Khan harmony
httpstcoheVBKJEf by Pushkar",2016-10-23 11:11:40,FALSE,1,4,"MyFakingNews"
"311"," shahzebsalehzad dont be embarrassed about something  you enjoy oky ",2016-10-23 11:09:33,TRUE,6,0,"Shahrukh_Raja96"
"312"," UpcomingSRKian Only shahrukh sir no aamir no salman 
 httpstcoyUsXDXAR",2016-10-23 11:08:07,TRUE,7,0,"Eva_Srk"
"313","Only shahrukh sir no aamir no salman 
 httpstcoyUsXDXAR",2016-10-23 11:06:20,FALSE,7,1,"UpcomingSRKian"
"314","Guys Vote In The Favor Of ImranKhanPTI And PTIofficial  httpstcoYjrPNYeC",2016-10-23 11:01:45,FALSE,6,7,"Hamza__Shahrukh"
"315"," DesiObsession First look of ‘Dear Zindagi’ starring Alia Bhatt and Shahrukh Khan source princessbhatt httpstcogHmAnc",2016-10-23 10:59:55,TRUE,299,0,"SrkRiya__"
"316","Ss sh sh sh sha sha Shahrukh sir th thi this pose is my fa fav fav favourite pose and fav dialogue is ki ki ki ki k… httpstcouoJTQWCF",2016-10-23 10:54:10,FALSE,0,0,"NathShantu"
"317","I am watching Cake Live  Join me now httpstcoMCMhKWWki httpstcoWqkXJMVtU",2016-10-23 10:49:53,FALSE,0,0,"shahrukh_domki"
"318","I am watching Cake Live  Join me now httpstcocjkDiNHP httpstcoVImsGpJ",2016-10-23 10:49:40,FALSE,0,0,"shahrukh_domki"
"319","I am watching Cake Live  Join me now httpstcoMXTneapq httpstcoeetowbnmF",2016-10-23 10:49:27,FALSE,0,0,"shahrukh_domki"
"320","I am watching Cake Live  Join me now httpstcowZbkjIF httpstcovhCxwwqw",2016-10-23 10:49:12,FALSE,0,0,"shahrukh_domki"
"321","I am watching Cake Live  Join me now httpstcoiemIEIWFK httpstcolnlubssCa",2016-10-23 10:48:56,FALSE,0,0,"shahrukh_domki"
"322"," CrazySRKian Anushka Sharma Shahrukh Khan is my onscreen amp offscreen Hero He is everywhere for me He respect women a lot <U+653C><U+3E64><U+613C><U+3E30><U+623C><U+3E64><U+653C><U+3E64><U+623C><U+3E38><U+393C><U+3E38><U+653C><U+3E64><U+613C><U+3E30><U+623C><U+3E64><U+653C><U+3E64><U+623C><U+3E38><U+383C><U+3E64> <U+653C><U+3E64><U+613C><U+3E30><U+623C><U+3E64><U+653C><U+3E64><U+623C><U+3E38><U+393C><U+3E38><U+653C><U+3E64><U+613C><U+3E30><U+623C><U+3E64><U+653C><U+3E64><U+623C><U+3E38><U+393C><U+3E38> http…",2016-10-23 10:43:38,TRUE,1152,0,"iamdksrk"
"323"," CrazySRKian Anushka Sharma Shahrukh Khan is my onscreen amp offscreen Hero He is everywhere for me He respect women a lot <U+653C><U+3E64><U+613C><U+3E30><U+623C><U+3E64><U+653C><U+3E64><U+623C><U+3E38><U+393C><U+3E38><U+653C><U+3E64><U+613C><U+3E30><U+623C><U+3E64><U+653C><U+3E64><U+623C><U+3E38><U+383C><U+3E64> <U+653C><U+3E64><U+613C><U+3E30><U+623C><U+3E64><U+653C><U+3E64><U+623C><U+3E38><U+393C><U+3E38><U+653C><U+3E64><U+613C><U+3E30><U+623C><U+3E64><U+653C><U+3E64><U+623C><U+3E38><U+393C><U+3E38> http…",2016-10-23 10:40:05,TRUE,1152,0,"SrkRiya__"
"324","Mahira Khan to complete shooting with Shahrukh Khan for Raees in a secret location httpstcoHudCptIx",2016-10-23 10:33:58,FALSE,0,0,"GaalaxyReporter"
"325"," ImranKhanPTI Not just PTI workers the public supports Isl lockdownhttpstcoYIsGMmH",2016-10-23 10:32:01,TRUE,1059,0,"Hamza__Shahrukh"
"326","ajaydevgn
At an event of RCVJ
U WERE LAUGHING WHEN ERIKA DIDNT UNDERSTOOD SRK AS SHAHRUKH

IS THIS HOW U TREAT… httpstcoLapJRxgw",2016-10-23 10:30:26,FALSE,0,0,"donSRKbabi"
"327","ajaydevgn
At an event of RCVJ
U WERE LAUGHING WHEN ERIKA DIDNT UNDERSTOOD SRK AS SHAHRUKH

IS THIS HOW U TREAT UR COLLEAGUE
INHUMAN<U+653C><U+3E64><U+613C><U+3E30><U+623C><U+3E64><U+653C><U+3E64><U+623C><U+3E31><U+383C><U+3E33><U+653C><U+3E64><U+613C><U+3E30><U+623C><U+3E64><U+653C><U+3E64><U+623C><U+3E31><U+383C><U+3E33><U+653C><U+3E64><U+613C><U+3E30><U+623C><U+3E64><U+653C><U+3E64><U+623C><U+3E31><U+383C><U+3E33>",2016-10-23 10:30:02,FALSE,0,0,"donSRKbabi"
"328","DevFadnavis sir Shahrukh Khan Karan Johar are the few of those people who will promote Pakistan nationals at any costU can have a cont",2016-10-23 10:28:29,FALSE,0,0,"parvindersvijan"
"329"," INSubcontinent Entertainment My chemistry with Shahrukh Kha  TISNews Link  httpstcoRuqzqCnMR",2016-10-23 10:26:00,TRUE,2,0,"narendramodi123"
"330","ErikaKaar ajaydevgn
At event of RCVJ
Ajay wasLAUGHING WHEN u DIDNT UNDERSTOOD SRK AS SHAHRUKH

IS THIS HOW U TREAT UR COLLEAGUE",2016-10-23 10:25:43,FALSE,0,0,"donSRKbabi"
"331","ErikaKaar
At an event of RCVJ
AJAY WASLAUGHING WHEN ERIKA DIDNT UNDERSTOOD SRK AS SHAHRUKH
IS THIS HOW U TREAT… httpstcoCQLldDqp",2016-10-23 10:25:03,FALSE,0,0,"donSRKbabi"
"332","Entertainment My chemistry with Shahrukh Kha  TISNews Link  httpstcoRuqzqCnMR",2016-10-23 10:22:46,FALSE,2,2,"INSubcontinent"
"333","ajaydevgn
At an event of RCVJ
U WERE LAUGHING WHEN ERIKA DIDNT UNDERSTOOD SRK AS SHAHRUKH

IS THIS HOW U TREAT… httpstcoQPhZBOS",2016-10-23 10:20:17,FALSE,0,0,"donSRKbabi"
"334","ajaydevgn
At RCVJ 
U WERE LAUGHING WHEN ERIKA DIDNT UNDERSTOOD SRK AS SHAHRUKH

IS THIS HOW U TREAT UR COLLEAGUE
INHUMAN
Disrespectul",2016-10-23 10:19:48,FALSE,0,0,"donSRKbabi"
"335","ajaydevgn
At an event of RCVJ
U WERE LAUGHING WHEN ERIKA DIDNT UNDERSTOOD SRK AS SHAHRUKH

IS THIS HOW U TREAT UR COLLEAGUE
INHUMAN<U+653C><U+3E64><U+613C><U+3E30><U+623C><U+3E64><U+653C><U+3E64><U+623C><U+3E31><U+383C><U+3E33><U+653C><U+3E64><U+613C><U+3E30><U+623C><U+3E64><U+653C><U+3E64><U+623C><U+3E31><U+383C><U+3E33><U+653C><U+3E64><U+613C><U+3E30><U+623C><U+3E64><U+653C><U+3E64><U+623C><U+3E31><U+383C><U+3E33>",2016-10-23 10:16:59,FALSE,0,0,"donSRKbabi"
"336","ajaydevgn iamsrk
At an event of RCVJ
U WERE LAUGHING WHEN ERIKA DIDNT UNDERSTOOD SRK AS SHAHRUKH

IS THIS HOW U TREAT UR COLLEAGUE",2016-10-23 10:16:16,FALSE,0,0,"donSRKbabi"
"337"," BohatHandsome Teacher ten chemical ke name batao

Me Oxygen carbon florin sumreen

nosheen rameen and yasmeen <U+653C><U+3E64><U+613C><U+3E30><U+623C><U+3E64><U+653C><U+3E64><U+623C><U+3E38><U+393C><U+3E62> <U+653C><U+3E64><U+613C><U+3E30><U+623C><U+3E64><U+653C><U+3E64><U+623C><U+3E38><U+383C><U+3E30>
Shahrukh",2016-10-23 10:14:19,TRUE,44,0,"Isha_world"
"338"," BohatHandsome Great minds discuss ideas average minds discuss events small minds discuss people Shahrukh",2016-10-23 10:14:09,TRUE,66,0,"Isha_world"
"339"," BollyArena My chemistry with Shahrukh Khan is organic Karan Johar httpstcosNxBRVwI",2016-10-23 10:10:47,TRUE,5,0,"Hussain38743575"
"340","Kedar Jhadav implementing Shahrukh Khans wise words Dont underestimate the power of a common man indvsnz",2016-10-23 10:05:58,FALSE,0,0,"eme2ul"
"341"," BohatHandsome Teacher ten chemical ke name batao

Me Oxygen carbon florin sumreen

nosheen rameen and yasmeen <U+653C><U+3E64><U+613C><U+3E30><U+623C><U+3E64><U+653C><U+3E64><U+623C><U+3E38><U+393C><U+3E62> <U+653C><U+3E64><U+613C><U+3E30><U+623C><U+3E64><U+653C><U+3E64><U+623C><U+3E38><U+383C><U+3E30>
Shahrukh",2016-10-23 10:03:37,TRUE,44,0,"iHassamayy_"
"342","iamsrk hai Shahrukh Khan   Chennai exap flim is super iam in ur fan   I am chennai u known  Tamil",2016-10-23 09:59:19,FALSE,0,0,"kanimoz71687395"
"343","KingKhan Shahrukh Khan and Alia Bhatt replace Fawad Khan as first guest on Season   Daily Times… httpstcozYdlquUuq",2016-10-23 09:58:35,FALSE,0,0,"iamSRK_News"
"344","iamsrk ajiteshmohan Mr Om Puri and Mr Govinda both Hindus are praising Pakistan and Islam and Mr Shahrukh khan  haha no comments",2016-10-23 09:54:57,FALSE,0,0,"ADILHUSSEIN8"
"345"," BohatHandsome Great minds discuss ideas average minds discuss events small minds discuss people Shahrukh",2016-10-23 09:45:07,TRUE,66,0,"ho_daffa"
"346"," BohatHandsome Teacher ten chemical ke name batao

Me Oxygen carbon florin sumreen

nosheen rameen and yasmeen <U+653C><U+3E64><U+613C><U+3E30><U+623C><U+3E64><U+653C><U+3E64><U+623C><U+3E38><U+393C><U+3E62> <U+653C><U+3E64><U+613C><U+3E30><U+623C><U+3E64><U+653C><U+3E64><U+623C><U+3E38><U+383C><U+3E30>
Shahrukh",2016-10-23 09:44:50,TRUE,44,0,"fukraaaaaaa"
"347"," BohatHandsome Teacher ten chemical ke name batao

Me Oxygen carbon florin sumreen

nosheen rameen and yasmeen <U+653C><U+3E64><U+613C><U+3E30><U+623C><U+3E64><U+653C><U+3E64><U+623C><U+3E38><U+393C><U+3E62> <U+653C><U+3E64><U+613C><U+3E30><U+623C><U+3E64><U+653C><U+3E64><U+623C><U+3E38><U+383C><U+3E30>
Shahrukh",2016-10-23 09:44:31,TRUE,44,0,"ho_daffa"
"348","Shahrukh khan taking name of Ilayathalapathy Vijay in VijayAwards and the crowds go mad Shouts VETTAI WITH SIVAKASI CRACKER",2016-10-23 09:43:49,FALSE,0,0,"ShanmugamKonar"
"349"," BohatHandsome Teacher ten chemical ke name batao

Me Oxygen carbon florin sumreen

nosheen rameen and yasmeen <U+653C><U+3E64><U+613C><U+3E30><U+623C><U+3E64><U+653C><U+3E64><U+623C><U+3E38><U+393C><U+3E62> <U+653C><U+3E64><U+613C><U+3E30><U+623C><U+3E64><U+653C><U+3E64><U+623C><U+3E38><U+383C><U+3E30>
Shahrukh",2016-10-23 09:43:25,TRUE,44,0,"Bohat_Handsome_"
"350"," BohatHandsome Great minds discuss ideas average minds discuss events small minds discuss people Shahrukh",2016-10-23 09:43:01,TRUE,66,0,"Kyaa_hua"
"351"," BohatHandsome Teacher ten chemical ke name batao

Me Oxygen carbon florin sumreen

nosheen rameen and yasmeen <U+653C><U+3E64><U+613C><U+3E30><U+623C><U+3E64><U+653C><U+3E64><U+623C><U+3E38><U+393C><U+3E62> <U+653C><U+3E64><U+613C><U+3E30><U+623C><U+3E64><U+653C><U+3E64><U+623C><U+3E38><U+383C><U+3E30>
Shahrukh",2016-10-23 09:42:48,TRUE,44,0,"Kyaa_hua"
"352"," Stylewhack Here is much awaited story of ShahRukh Khan FanClub iamsrk SRKUniverse Maishaan sabse badaa fan
Stylewhack Fans https…",2016-10-23 09:39:56,TRUE,130,0,"MariaBattistel1"
"353"," SRKindoreCFC The old Nd the Cute One iamsrk with shiekhspear Doing Gymming together SHAHRUKH KHAN Looking So Hot SRKCHENNAIFC https…",2016-10-23 09:39:45,TRUE,33,0,"MariaBattistel1"
"354"," SRKindoreCFC Some old Ones our Cute iamsrk Shahrukh Khan  SRKCHENNAIFC httpstcoJspnELD",2016-10-23 09:37:29,TRUE,25,0,"_rshkarshd"
"355","Maybe that is why Shahrukh khan slapped himbecause he always ask such foolish questions httpstcoRhoJgdWyVl",2016-10-23 09:30:24,FALSE,0,0,"kar03tik"
"356","U turnSerial 
DD national  
 to pm 
On th OctMonday
promotion of Amir salman shahrukh film httpstcofEUagjfo",2016-10-23 09:20:44,FALSE,0,3,"RajuRahikwarsrk"
"357","What Shahrukh Replied When His Daughter Asked About Her Religion   httpstcoqVJrmEmKPl httpstcoZIVkgwl",2016-10-23 09:19:20,FALSE,2,7,"godramasonline"
"358"," SRKindoreCFC Struggle means success  success means Shahrukh khan iamsrk  Very hard working Man on the Planet nd still inspiring us…",2016-10-23 09:02:47,TRUE,42,0,"amitn85series"
"359"," Statements By Shahrukh Khan Which Proves Why is he The King Khan Of Bollywood  httpstcoqeHZFQYdk",2016-10-23 08:45:47,FALSE,0,1,"sudeshn46734990"
"360","The Best Mimicry Of Shahrukh Khan  Must watch httpstcocqSQEVskzW",2016-10-23 08:44:35,FALSE,0,0,"Hiza795"
"361","I added a video to a YouTube playlist httpstcocqSQEVskzW The Best Mimicry Of Shahrukh Khan  Must watch",2016-10-23 08:44:33,FALSE,0,0,"Hiza795"
"362","Team Shah Rukh Khan onDaughters Kainght and Kolkata  BOLLYWOOD FAMILY SHAHRUKH KHAN   images abo… httpstcoTfYruElzCx",2016-10-23 08:42:21,FALSE,0,1,"GunelKhan"
"363","kkhushal simba DiCB r u remeber karanjoharshahrukh khanamirkhan they donate rupee to armyby de heart",2016-10-23 08:37:06,FALSE,0,0,"skarambelkar"
"364"," iamhaklaa Shahrukh Khan  The Undisputed King only according to BoxOfficeIndore  BollyArena SRKswarrior httpstcoxbmkJbpwL",2016-10-23 08:18:32,TRUE,71,0,"Here4Salman"
"365"," iamhaklaa Shahrukh Khan  The Undisputed King only according to BoxOfficeIndore  BollyArena SRKswarrior httpstcoxbmkJbpwL",2016-10-23 08:17:11,TRUE,71,0,"being_abhi10"
"366","No one will dare Tata for intolerance word
Bhakts only choose soft targets like aamir khan shahrukh khan",2016-10-23 08:07:35,FALSE,0,0,"manoj4justice"
"367","ChinaBoxOffice iamsrk btw it is November on shahrukhs birthday",2016-10-23 07:35:31,FALSE,0,0,"XahidaAdaitul"
"368"," SushmaSwaraj Thats a noble gesture from Shahrukh Khan I appreciate Rajeev Kulshreshtha IndianEmbassyTR for helping Aradhana https…",2016-10-23 07:33:27,TRUE,1284,0,"SRKsAddiction"
"369"," SushmaSwaraj Thats a noble gesture from Shahrukh Khan I appreciate Rajeev Kulshreshtha IndianEmbassyTR for helping Aradhana https…",2016-10-23 07:26:27,TRUE,1284,0,"_SRKsAman"
"370"," SRKsRaeesFan Bhakts can only target Soft targets Like Shahrukh Or Aamir Ratan tata said the same thing protest karo BC hai Gaa…",2016-10-23 07:26:14,TRUE,2,0,"MayurKashyap"
"371"," SushmaSwaraj Thats a noble gesture from Shahrukh Khan I appreciate Rajeev Kulshreshtha IndianEmbassyTR for helping Aradhana https…",2016-10-23 07:22:53,TRUE,1284,0,"SRKsGladiator1"
"372","Shahrukhs Daughter Suhana Khans Unseen Party Pics From httpstcoXLIlKOuqE",2016-10-23 07:17:13,FALSE,0,1,"GunelKhan"
"373","Experience Bengal ads featuring Shahrukh Khan to launch soon  The Indian Express  httpstcoCigxxkvpmR… httpstcoFznmtMYYn",2016-10-23 07:13:50,FALSE,0,0,"KKKKiranDotCom"
"374","seematripathi  lol itna prob hai to send him here and salman shahrukh all other khans too we dont mind ",2016-10-23 07:12:02,FALSE,0,0,"EconomistNaz"
"375"," divyadutta iamsrk i cme bk speechless watching you perform Shahrukh you exude magic i n both t roles Absolute treat watching…",2016-10-23 07:10:31,TRUE,758,0,"SRK_Frooti"
"376"," breakfreeofbox iamsrk Ur sweet support of aliaa in DearZindagiTake makes us sing Love you Shahrukhji Enjoy my doll tribute ht…",2016-10-23 07:07:04,TRUE,7,0,"SRK_Frooti"
"377"," divyadutta iamsrk i cme bk speechless watching you perform Shahrukh you exude magic i n both t roles Absolute treat watching…",2016-10-23 07:04:39,TRUE,758,0,"Srk_HolicJaved"
"378"," divyadutta iamsrk i cme bk speechless watching you perform Shahrukh you exude magic i n both t roles Absolute treat watching…",2016-10-23 07:04:12,TRUE,758,0,"Muffin_SRKian"
"379"," divyadutta iamsrk i cme bk speechless watching you perform Shahrukh you exude magic i n both t roles Absolute treat watching…",2016-10-23 07:03:48,TRUE,758,0,"Crazy_SRKian"
"380"," divyadutta iamsrk i cme bk speechless watching you perform Shahrukh you exude magic i n both t roles Absolute treat watching…",2016-10-23 07:03:33,TRUE,758,0,"SRKs_Dimplish"
"381","fomodaily plz do fomoftw btw Shahrukh Khan and Amir Khan",2016-10-23 06:58:48,FALSE,0,0,"meet_sam2088"
"382","vinniearora you mean srk Shahrukh",2016-10-23 06:55:52,FALSE,0,0,"Deepa02635036"
"383"," years of Dil Aashna Hai  Divya Bharti movie released with Shahrukh Khan a very heartwarming and beautiful movie of Divya jee <U+2764><U+FE0F>",2016-10-23 06:39:13,FALSE,0,2,"AllahrakhiDivya"
"384"," CrazySRKian Anushka Sharma Shahrukh Khan is my onscreen amp offscreen Hero He is everywhere for me He respect women a lot <U+653C><U+3E64><U+613C><U+3E30><U+623C><U+3E64><U+653C><U+3E64><U+623C><U+3E38><U+393C><U+3E38><U+653C><U+3E64><U+613C><U+3E30><U+623C><U+3E64><U+653C><U+3E64><U+623C><U+3E38><U+383C><U+3E64> <U+653C><U+3E64><U+613C><U+3E30><U+623C><U+3E64><U+653C><U+3E64><U+623C><U+3E38><U+393C><U+3E38><U+653C><U+3E64><U+613C><U+3E30><U+623C><U+3E64><U+653C><U+3E64><U+623C><U+3E38><U+393C><U+3E38> http…",2016-10-23 06:30:56,TRUE,1152,0,"insta_kayyum"
"385","shahrukh khan love scene french kiss httpstcouLaxpupk via YouTube",2016-10-23 06:27:50,FALSE,0,0,"Shah_Faisal11"
"386"," SRKsRaeesFan Bhakts can only target Soft targets Like Shahrukh Or Aamir Ratan tata said the same thing protest karo BC hai Gaa…",2016-10-23 06:18:59,TRUE,2,0,"vks17chd"
"387","Ratan Tata kiranpatniak thekiranbedi AnupamPkher anuragkashyap MaheshNBhatt RSSCHADDISGANG AmirShahRukh n now One MoreDeshDrohi",2016-10-23 06:15:39,FALSE,0,0,"MUSLIMBTHNHUMAN"
"388","kiranpatniak thekiranbedi AnupamPkher anuragkashyap MaheshNBhatt RSS CHADDISGANG Amir ShahRukh n now One M… httpstcolsAPUYu",2016-10-23 06:13:33,FALSE,0,0,"MUSLIMBTHNHUMAN"
"389","JestSayingggg amitabh ancestors were from faislabad  while dilip and shahrukh ancestors belongs to peshwar",2016-10-23 06:10:59,FALSE,0,0,"zarnab202"
"390","JestSayingggg amitabh  dilip and shahrukh they all migrated from pakistan",2016-10-23 06:10:18,FALSE,0,0,"zarnab202"
"391","zarnab how many roles they did n how Many of them r hits For Amitab dilip rajesh khana shahrukh  salman saif aamir it k decades",2016-10-23 06:09:11,FALSE,0,0,"JestSayingggg"
"392","Bollywood SHAHRUKH’S BEST PERFORMANCE… httpstcowoZkLIxa FMW Fun Maza World",2016-10-23 06:06:07,FALSE,0,0,"FunMazaWorld"
"393"," IExpressSports Shah Rukh Khan Virender Sehwag congratulate India on third Kabaddi World Cup title

READ httpstcoDltRoNU http…",2016-10-23 06:00:27,TRUE,21,0,"sanjaybadala"
"394","iamsrk Shahrukhits my bday todayIf u wish me I will be the most happiest girl<U+653C><U+3E64><U+613C><U+3E30><U+623C><U+3E64><U+653C><U+3E64><U+623C><U+3E38><U+383C><U+3E61><U+653C><U+3E64><U+613C><U+3E30><U+623C><U+3E64><U+653C><U+3E64><U+623C><U+3E38><U+383C><U+3E61><U+653C><U+3E64><U+613C><U+3E30><U+623C><U+3E64><U+653C><U+3E64><U+623C><U+3E38><U+383C><U+3E61>",2016-10-23 05:57:49,FALSE,0,0,"AthiraChadran"
"395","Shahrukh Khan reacts to the bikini pics of his daughter Suhana Khan Gauri Chibber Khan son AbRam Khan httpstcookfGSSPo",2016-10-23 05:55:05,FALSE,0,2,"GunelKhan"
"396","Iz it U shahrukh 
If u r  then why not share some memories about that day<U+653C><U+3E64><U+613C><U+3E30><U+623C><U+3E64><U+653C><U+3E64><U+623C><U+3E38><U+383C><U+3E31> httpstcojMauWKfbif",2016-10-23 05:54:11,FALSE,0,0,"ImranAnsari2001"
"397"," KingDrunkard The first lesson I learnt about women is they can choose Deepak Tijori over Shahrukh Khan",2016-10-23 05:51:46,TRUE,66,0,"batchof98"
"398","I liked a YouTube video httpstcoglkWnNZ Shahrukh Khan Praise Salman Khan  ",2016-10-23 05:48:19,FALSE,0,0,"mohdzuber1"
"399","I liked a YouTube video httpstcoPjLGRnobX I Met Shahrukh D Vlog",2016-10-23 05:45:53,FALSE,0,0,"jammy911911"
"400","Shahrukh Khan reacts to the bikini pics of his daughter Suhana Khan httpstcoqKDkFLzG",2016-10-23 05:43:45,FALSE,0,1,"GunelKhan"
"401","I added a video to a YouTube playlist httpstcojKrMnBcyZ Shahrukh Khans Rare amp Unseen Pictures  SRK FOREVER",2016-10-23 05:36:27,FALSE,0,0,"DeepakT44121093"
"402"," breakfreeofbox iamsrk Ur sweet support of aliaa in DearZindagiTake makes us sing Love you Shahrukhji Enjoy my doll tribute ht…",2016-10-23 05:35:20,TRUE,7,0,"JamesJuliejiji2"
"403","aamirkhan can u imagine shahrukh khan being detained at an indian airport becoz hes khan",2016-10-23 05:35:20,FALSE,0,0,"rohitdoc1"
"404"," breakfreeofbox iamsrk Ur sweet support of aliaa in DearZindagiTake makes us sing Love you Shahrukhji Enjoy my doll tribute ht…",2016-10-23 05:33:13,TRUE,7,0,"pocharanee"
"405"," indicine Shahrukh Khan donated Rs  cr Salmans Being Human donated Rs  cr towards charity in  Report gt httptcotYS…",2016-10-23 05:27:36,TRUE,1238,0,"iamprashantns"
"406","iamsrk Ur sweet support of aliaa in DearZindagiTake makes us sing Love you Shahrukhji Enjoy my doll tribute httpstcoLoyIbqAn",2016-10-23 05:27:07,FALSE,7,9,"breakfreeofbox"
"407"," subhadippandey ShahRukh is the guy she wants to marry
Salman khan is the guy she cheats on
Tushar kapoor is the guy she finally marry",2016-10-23 05:26:15,TRUE,9,0,"aditya_niroula"
"408","Shahrukh Khans Rare amp Unseen Pictures   SRK FOREVER httpstcosBhqUOJjQ via YouTube",2016-10-23 05:25:11,FALSE,0,0,"DeepakT44121093"
"409","Shahrukh Khans Rare amp Unseen Pictures  SRK FOREVER httpstcojKrMnBcyZ via YouTube",2016-10-23 05:24:15,FALSE,0,0,"DeepakT44121093"
"410","Bhakts can only target Soft targets Like Shahrukh Or Aamir Ratan tata said the same thing protest karo BC hai Gaa me dum Bhenchoddd",2016-10-23 05:23:51,FALSE,2,8,"SRKsRaeesFan1"
"411"," SRKFC ‘Experience Bengal’ ads featuring Shahrukh Khan to launch soon httpstcoflyuH
iamsrk httpstcoRaMqYaIq",2016-10-23 05:21:19,TRUE,26,0,"AyaanAyaan786"
"412","iamsrk hiii shahrukh sir will you message me i am your biggest fan",2016-10-23 05:21:09,FALSE,0,1,"govindraopatil1"
"413"," CrazySRKian Anushka Sharma Shahrukh Khan is my onscreen amp offscreen Hero He is everywhere for me He respect women a lot <U+653C><U+3E64><U+613C><U+3E30><U+623C><U+3E64><U+653C><U+3E64><U+623C><U+3E38><U+393C><U+3E38><U+653C><U+3E64><U+613C><U+3E30><U+623C><U+3E64><U+653C><U+3E64><U+623C><U+3E38><U+383C><U+3E64> <U+653C><U+3E64><U+613C><U+3E30><U+623C><U+3E64><U+653C><U+3E64><U+623C><U+3E38><U+393C><U+3E38><U+653C><U+3E64><U+613C><U+3E30><U+623C><U+3E64><U+653C><U+3E64><U+623C><U+3E38><U+393C><U+3E38> http…",2016-10-23 05:20:21,TRUE,1152,0,"iam_aftab_"
"414","I added a video to a YouTube playlist httpstcouXSsqorZm Jab Tak Hai Jaan  Full Songs  Juke Box  Starring Shahrukh Khan",2016-10-23 05:18:25,FALSE,0,0,"BosyAli8893"
"415"," CrazySRKian Anushka Sharma Shahrukh Khan is my onscreen amp offscreen Hero He is everywhere for me He respect women a lot <U+653C><U+3E64><U+613C><U+3E30><U+623C><U+3E64><U+653C><U+3E64><U+623C><U+3E38><U+393C><U+3E38><U+653C><U+3E64><U+613C><U+3E30><U+623C><U+3E64><U+653C><U+3E64><U+623C><U+3E38><U+383C><U+3E64> <U+653C><U+3E64><U+613C><U+3E30><U+623C><U+3E64><U+653C><U+3E64><U+623C><U+3E38><U+393C><U+3E38><U+653C><U+3E64><U+613C><U+3E30><U+623C><U+3E64><U+653C><U+3E64><U+623C><U+3E38><U+393C><U+3E38> http…",2016-10-23 05:14:44,TRUE,1152,0,"PraneethSRKian"
"416","RTorFAV only Shahrukh khan iamsrk Rules",2016-10-23 04:57:02,FALSE,0,1,"SRKsShooter"
"417"," gautamverma The worst part of any actress working with Shahrukh Khan is that he gets all the attention <U+2764><U+FE0F> DearZindagiFirstLook htt…",2016-10-23 04:36:41,TRUE,167,0,"jha_siddhus94"
"418","iamsrk Shahrukh bhais iam coming to Mumbhai in  oct to nov  for you Bday  Hope everything goes will",2016-10-23 04:29:18,FALSE,0,0,"ChavanChavan143"
"419"," Rukiyeraki shahrukh khan and me with the same photo <U+653C><U+3E64><U+613C><U+3E30><U+623C><U+3E64><U+653C><U+3E64><U+623C><U+3E38><U+393C><U+3E32><U+653C><U+3E64><U+613C><U+3E30><U+623C><U+3E64><U+653C><U+3E64><U+623C><U+3E38><U+613C><U+3E32><U+653C><U+3E64><U+613C><U+3E30><U+623C><U+3E64><U+653C><U+3E64><U+623C><U+3E38><U+383C><U+3E39> SRKIAN httpstcopyBlqqvuUQ",2016-10-23 04:28:03,TRUE,9,0,"FaizanK99860521"
"420"," AkaaashMishra ShahRukh is the real comedian Don of the Bollywood LetItGoForMe",2016-10-23 04:24:55,TRUE,7,0,"azizurkhan13"
"421","StarWorldIndia waiting for shahrukh",2016-10-23 04:19:20,FALSE,0,0,"sandysindhu_7"
"422","iamsrk im a big big big fan of u shahrukhhappy birthday in advancelove u",2016-10-23 04:17:41,FALSE,0,0,"sandysindhu_7"
"423","pakistaniactors We are missing the point Why do we need Fawad and Mahira when we have Shahrukh and Kajol",2016-10-23 04:17:31,FALSE,0,0,"profrb"
"424","iamsrk happy birthday shahrukh in advancelove u",2016-10-23 04:17:07,FALSE,0,0,"sandysindhu_7"
"425","iamsrk happy birthday shahrukh in advance",2016-10-23 04:16:37,FALSE,0,0,"sandysindhu_7"
"426","SRKUniverse iamsrk sir iam coming in oct  to nov   for Shahrukh bhais birthday and awards function but how entrace  please guide me",2016-10-23 04:10:40,FALSE,0,1,"ChavanChavan143"
"427","I liked a YouTube video httpstcoCGebHCFUcl Amitabh Bachchan Shahrukh Khan Sunil Shetty Nana Patekar Johnny Lever Rajpal",2016-10-23 03:58:20,FALSE,0,0,"DhamiSanant"
"428"," shristipathak saumyatandon
I like you very muchI liked your performance as anita and you were amazing with shahrukh khan in zor ka…",2016-10-23 03:49:17,TRUE,1,0,"shristipathak1"
"429","BollyMention Shahrukh khan only",2016-10-23 03:39:30,FALSE,0,0,"DiptiBurde"
"430"," KejriwaIFan Hey Modi Bhakts   dare to reply to Ratan Tata like you did to Aamir Khan and ShahRukh khan   Intolerance  
 httpst…",2016-10-23 03:36:09,TRUE,11,0,"aabhiyam"
"431","We used to be best friends Emphasis on the used",2016-10-23 03:17:10,FALSE,0,0,"Shahrukh_Ali20"
"432"," Stylewhack Here is much awaited story of ShahRukh Khan FanClub iamsrk SRKUniverse Maishaan sabse badaa fan
Stylewhack Fans https…",2016-10-23 03:07:30,TRUE,130,0,"parekhharsh37"
"433","I liked a YouTube video from jayvijaysachan httpstcooBYGOzi Best mimicry of Shahrukh Khan by Jayvijay Sachan",2016-10-23 03:03:08,FALSE,0,0,"DhamiSanant"
"434","Surmount actors as to bollywood shahrukh only salman crown prince PqKiEKaht",2016-10-23 03:02:09,FALSE,0,0,"FultonPaterson"
"435"," SRKFC ‘Experience Bengal’ ads featuring Shahrukh Khan to launch soon httpstcoflyuH
iamsrk httpstcoRaMqYaIq",2016-10-23 02:54:10,TRUE,26,0,"AmanHarishAman"
"436"," DesiObsession First look of ‘Dear Zindagi’ starring Alia Bhatt and Shahrukh Khan source princessbhatt httpstcogHmAnc",2016-10-23 02:52:40,TRUE,299,0,"Najiiibbe"
"437"," RitaBJoshi Shahrukh has brought nameampfame to IndiaBJP by ruining our composite culture is bringing bad name to our countryINCIndia…",2016-10-23 02:50:22,TRUE,35,0,"rajnikanttiwa10"
"438","Experience Bengal ads featuring Shahrukh Khan to launch soon  The Indian Express  httpstcojSiampbNa… httpstcooMQOKUwVKo",2016-10-23 02:49:58,FALSE,0,1,"KKKKiranDotCom"
"439"," SRKindoreCFC Some old Ones our Cute iamsrk Shahrukh Khan  SRKCHENNAIFC httpstcoJspnELD",2016-10-23 02:43:15,TRUE,25,0,"iamesraa1"
"440"," BeingKunnu DONT MISS Shahrukh Khan Talks About Sleeping With His CoStars httpstcorbzviPbg iamsrk",2016-10-23 02:39:47,TRUE,5,0,"i_am_abhiii"
"441","Shahrukh khan ki Awaz Supper Talent Awesome Clip httpstcodskltPaC via YouTube",2016-10-23 02:27:15,FALSE,0,0,"ziabahi1"
"442","Great to see this if its really true httpstcofAjlKaGJW",2016-10-23 02:26:11,FALSE,0,0,"shah_zuli786"
"443","Top Bollywood actor Shahrukh Salman and Aamir have a common enemy httpstcoUREZmuRIV httpstcoEFfpqVOtj",2016-10-23 02:17:43,FALSE,0,0,"songs6in"
"444"," BollyArena My chemistry with Shahrukh Khan is organic Karan Johar httpstcosNxBRVwI",2016-10-23 02:16:23,TRUE,5,0,"AmreshChakra"
"445","Good morning iamsrk hope you are doing fine Shahrukh Bhai DearZindagi httpstcognSeFStij",2016-10-23 02:13:23,FALSE,0,0,"SRKalwayss"
"446"," Latentes Shahrukh Khan shouldve left u chasing the train httpstcoluLXslpgQ",2016-10-23 02:11:39,TRUE,260,0,"tanviph"
"447"," GabbbarSingh Something which only actors like Rajnikanth Salman Shahrukh etc could pull off now even Aishwarya has done it Kudos…",2016-10-23 02:06:37,TRUE,271,0,"rswason"
"448"," Latentes Shahrukh Khan shouldve left u chasing the train httpstcoluLXslpgQ",2016-10-23 02:04:19,TRUE,260,0,"_skhanye98"
"449"," Latentes Shahrukh Khan shouldve left u chasing the train httpstcoluLXslpgQ",2016-10-23 02:03:42,TRUE,260,0,"Soniyo_"
"450","Learn more about Hugs Help and Hope httpstcoJsArajF <U+261E>httpstcoXVatZflgW httpstcoXBXYTEBL",2016-10-23 01:49:31,FALSE,0,0,"ravina_shahrukh"
"451","MissusRTT I nearly wrote off that movie until I saw Shahrukh Khan on a bicycle I now approve of it for everything is cool on a bicycle",2016-10-23 01:38:28,FALSE,0,0,"shashankji"
"452"," WasayJalil Mashallah Proxies at full liberty Liberal amp progressive force r pushed against the wall amp facing LEAs conspiracies at…",2016-10-23 01:26:20,TRUE,136,0,"shahrukh_as"
"453"," sajtvonline Is Bol Tv Starting Fight With Other News Channel In Pakistan
httpstcofUsdDyvT httpstcoqlEKENV",2016-10-23 01:25:46,TRUE,1,0,"shahrukh_as"
"454","Kajol and Shahrukh Khan are the ultimate bollywood couple",2016-10-23 01:21:15,FALSE,0,0,"calling_98"
"455","iamsrk congratulations Love u shahrukh khanlove u india",2016-10-23 01:19:09,FALSE,0,0,"Mayshah_A211"
"456","I shall love to see what MNS does with Shahrukh and Aamir films ",2016-10-23 01:17:01,FALSE,0,0,"drprofupsingh"
"457","SRKHossny httpstcooAkcxWPWaE <U+653C><U+3E64><U+613C><U+3E30><U+623C><U+3E64><U+653C><U+3E64><U+623C><U+3E38><U+383C><U+3E61> looks detail on it  SRK name  you can see other design on there",2016-10-23 00:53:48,FALSE,0,0,"ohMybollywood"
"458"," video  Guess Whos Competing With Shahrukh Khan Now  Bollywood News httpstcoqWsuvmwyj httpstcoHPbYbJqbt",2016-10-23 00:51:10,FALSE,0,0,"Motion_AliBaba"
"459"," BhanotShaleen Wown only iamsrk  He blessed me  kamasutra httptcoxTTXxHoY
Love u shahrukh bhai
U inspire us all  htt…",2016-10-23 00:47:30,TRUE,11,0,"Rimli16"
"460"," Latentes Shahrukh Khan shouldve left u chasing the train httpstcoluLXslpgQ",2016-10-23 00:36:50,TRUE,260,0,"shahsdimples"
"461"," Rukiyeraki shahrukh khan and me with the same photo <U+653C><U+3E64><U+613C><U+3E30><U+623C><U+3E64><U+653C><U+3E64><U+623C><U+3E38><U+393C><U+3E32><U+653C><U+3E64><U+613C><U+3E30><U+623C><U+3E64><U+653C><U+3E64><U+623C><U+3E38><U+613C><U+3E32><U+653C><U+3E64><U+613C><U+3E30><U+623C><U+3E64><U+653C><U+3E64><U+623C><U+3E38><U+383C><U+3E39> SRKIAN httpstcopyBlqqvuUQ",2016-10-22 23:57:21,TRUE,9,0,"SrkSatya"
"462","I can always depend on bhai and bhabhi to make my day better <U+653C><U+3E64><U+613C><U+3E30><U+623C><U+3E64><U+653C><U+3E64><U+623C><U+3E38><U+383C><U+3E61> FamilyBonding",2016-10-22 23:25:31,FALSE,0,0,"Shahrukh_Ali20"
"463","shahrukhkamal Hi Please share your contact details and we will connect with you to assist Regards Deepika",2016-10-22 23:17:13,FALSE,0,0,"Airtel_Presence"
"464"," IExpressSports Shah Rukh Khan Virender Sehwag congratulate India on third Kabaddi World Cup title

READ httpstcoDltRoNU http…",2016-10-22 23:16:36,TRUE,21,0,"Fs1035933Shaikh"
"465"," Fact When you become really close to someone you can hear their voice in your head when you read their texts",2016-10-22 23:02:16,TRUE,192,0,"shahrukh_moin1"
"466","ShahrukhSM 
Matchday<U+2764><U+FE0F>",2016-10-22 22:59:00,FALSE,0,0,"ShawtyyKhanyy"
"467","ShahrukhAli BeingKarim tactics",2016-10-22 22:41:06,FALSE,0,1,"nida_nope"
"468","iamsrkSir Now End of the film  Love you Shahrukh KhanpramodsrkianDivyaSharukh httpstcoafvlsktnU",2016-10-22 22:31:55,FALSE,0,0,"Divya_0B0"
"469"," SonaholicAshu Shahrukh Khans inspiring message for a bright future ShahRukhKhan iamsrk httpstcolleeVYOxa",2016-10-22 22:30:34,TRUE,10,0,"Sonaholic_Ashu"
"470","one person followed me  automatically checked by httpstcotiGtXmKL",2016-10-22 22:25:04,FALSE,0,0,"Shahrukh_1227"
"471","Maya Nasry iamsrk Shahrukh beautiful dream does not want to wake him never httpstcoiahcUHiU … httpstcounNSNoTJSb",2016-10-22 22:20:04,FALSE,0,0,"KKKKiranDotCom"
"472","iamsrk Shahrukh beautiful dream does not want to wake him never httpstcoWbcJeiQ",2016-10-22 22:18:43,FALSE,1,1,"MayaNasry2"
"473","iamsrk Shahrukh dream that sleep and wake up to your words and Aheditk unmatched httpstcozbwypcDV",2016-10-22 22:16:07,FALSE,1,1,"MayaNasry2"
"474"," PrettyLScarves <U+2764><U+FE0F> this Shahrukh Khan Tribute  Must watch amp share yehmehfil SRKUniverse iamsrkclub 

Credits to AhmedZaman  http…",2016-10-22 22:14:30,TRUE,3,0,"yehmehfil"
"475","Experience Bengal ads featuring Shahrukh Khan to launch soon  The Indian Express  httpstcoiUWgcKnit… httpstcoFtJOlmpdl",2016-10-22 22:14:27,FALSE,0,0,"KKKKiranDotCom"
"476","iamsrk Shahrukh come to Sweden my mother invited you She along with me admire you alot We will cook you Kurdish food Come D",2016-10-22 22:13:00,FALSE,0,2,"BeyarKonst"
"477","iamsrk With fans In Budapest Hungary Last Night srk shahrukhkhan shahrukh srkian raees dilwale fan httpstcoDZlLonqK",2016-10-22 22:10:21,FALSE,0,0,"ManishKumarFilm"
"478","iamsrk With fans In Budapest
ManishKumarFilms
 Hungary srk shahrukhkhan shahrukh srkian raees dilwale httpstcojgXfYCirV",2016-10-22 22:08:27,FALSE,0,0,"ManishKumarFilm"
"479","Ive been watching Shahrukh Khans movies non stop these past two days why am I so in love",2016-10-22 22:02:43,FALSE,0,1,"cielolila_"
"480","I liked a YouTube video httpstcoigxTdBx Shahrukh Khan Salman Khan Aamir Khan in  Years of Aap Ki Adaalat HD   DEC",2016-10-22 21:32:30,FALSE,0,0,"vicky_patel__"
"481"," SRKindoreCFC Some old Ones our Cute iamsrk Shahrukh Khan  SRKCHENNAIFC httpstcoJspnELD",2016-10-22 21:31:18,TRUE,25,0,"srkajollife"
"482"," Latentes Shahrukh Khan shouldve left u chasing the train httpstcoluLXslpgQ",2016-10-22 21:31:17,TRUE,260,0,"nobodycaressbby"
"483"," Latentes Shahrukh Khan shouldve left u chasing the train httpstcoluLXslpgQ",2016-10-22 21:28:08,TRUE,260,0,"manaramiiin"
"484"," KejriwaIFan Hey Modi Bhakts   dare to reply to Ratan Tata like you did to Aamir Khan and ShahRukh khan   Intolerance  
 httpst…",2016-10-22 21:06:52,TRUE,11,0,"mohsin040"
"485","nidanope BeingKarim Be proud who else would know your prayer tactics",2016-10-22 21:01:28,FALSE,0,0,"Shahrukh_Ali20"
"486"," Rukiyeraki shahrukh khan and me with the same photo <U+653C><U+3E64><U+613C><U+3E30><U+623C><U+3E64><U+653C><U+3E64><U+623C><U+3E38><U+393C><U+3E32><U+653C><U+3E64><U+613C><U+3E30><U+623C><U+3E64><U+653C><U+3E64><U+623C><U+3E38><U+613C><U+3E32><U+653C><U+3E64><U+613C><U+3E30><U+623C><U+3E64><U+653C><U+3E64><U+623C><U+3E38><U+383C><U+3E39> SRKIAN httpstcopyBlqqvuUQ",2016-10-22 20:57:10,TRUE,9,0,"DilekBenimson05"
"487","I cant stand Dallas traffic",2016-10-22 20:55:32,FALSE,0,0,"Shahrukh_19"
"488"," Latentes Shahrukh Khan shouldve left u chasing the train httpstcoluLXslpgQ",2016-10-22 20:53:34,TRUE,260,0,"aishaaiftikhar_"
"489","<U+2764><U+FE0F> this Shahrukh Khan Tribute  Must watch amp share yehmehfil SRKUniverse iamsrkclub 

Credits to AhmedZaman  httpstcorwkBv",2016-10-22 20:53:30,FALSE,3,2,"PrettyLScarves"
"490","RVCJFB Akshay and shahrukh looks better than remaining both salman and ajay",2016-10-22 20:48:07,FALSE,0,0,"meobsessed25"
"491","shahrukh khan and family httpstcoqxTTlMYM",2016-10-22 20:46:32,FALSE,0,0,"prabir1953"
"492"," DivyaSharukh DivyaSharukh iamsrk Cutest Divya Bharti With Sweetest Shahrukh Khan Talking onTelephone With Happy Mood I Loooooooooooo…",2016-10-22 20:46:05,TRUE,1,0,"Divya_0B0"
"493","DivyaSharukh iamsrk Cutest Divya Bharti With Sweetest Shahrukh Khan Talking onTelephone With Happy Mood I Loooooo… httpstcooNCSsbznca",2016-10-22 20:41:09,FALSE,1,5,"DivyaSharukh"
"494"," KejriwaIFan Hey Modi Bhakts   dare to reply to Ratan Tata like you did to Aamir Khan and ShahRukh khan   Intolerance  
 httpst…",2016-10-22 20:39:30,TRUE,11,0,"nabatkapoor"
"495"," KejriwalDelhiFC Ratan Tata expresses concern over growing intolerance in country

After Aamir and ShahRukh  now Tata  
 https…",2016-10-22 20:38:16,TRUE,7,0,"hemanta_kh"
"496"," KejriwaIFan Hey Modi Bhakts   dare to reply to Ratan Tata like you did to Aamir Khan and ShahRukh khan   Intolerance  
 httpst…",2016-10-22 20:34:01,TRUE,11,0,"joydxb1"
"497"," KejriwalDelhiFC Ratan Tata expresses concern over growing intolerance in country

After Aamir and ShahRukh  now Tata  
 https…",2016-10-22 20:33:20,TRUE,7,0,"joydxb1"
"498"," KejriwalDelhiFC Ratan Tata expresses concern over growing intolerance in country

After Aamir and ShahRukh  now Tata  
 https…",2016-10-22 20:32:24,TRUE,7,0,"AamAdmiPartyFC"
"499"," KejriwalDelhiFC Ratan Tata expresses concern over growing intolerance in country

After Aamir and ShahRukh  now Tata  
 https…",2016-10-22 20:32:06,TRUE,7,0,"KejriwalFCIndia"
"500"," KejriwalDelhiFC Ratan Tata expresses concern over growing intolerance in country

After Aamir and ShahRukh  now Tata  
 https…",2016-10-22 20:31:48,TRUE,7,0,"AamAdmiPartyFan"
